SALE TYPE,SOLD DATE,PROPERTY TYPE,ADDRESS,CITY,STATE OR PROVINCE,ZIP OR POSTAL CODE,PRICE,BEDS,BATHS,LOCATION,SQUARE FEET,LOT SIZE,YEAR BUILT,DAYS ON MARKET,$/SQUARE FEET,HOA/MONTH,STATUS,NEXT OPEN HOUSE START TIME,NEXT OPEN HOUSE END TIME,URL (SEE http://www.redfin.com/buy-a-home/comparative-market-analysis FOR INFO ON PRICING),SOURCE,MLS#,FAVORITE,INTERESTED,LATITUDE,LONGITUDE
MLS Listing,,Single Family Residential,470 19th St,Santa Monica,CA,90402,5690000,5,6.0,C14 - Santa Monica,4463,8953,1947,5,1275,,Active,,,http://www.redfin.com/CA/Santa-Monica/470-19th-St-90402/home/6770633,CRMLS,PW20143609,N,Y,34.0386949,-118.4943111
MLS Listing,,Single Family Residential,801 Stanford St,Santa Monica,CA,90403,3749000,2,2.5,C14 - Santa Monica,2246,19991,1939,27,1669,,Active,,,http://www.redfin.com/CA/Santa-Monica/801-Stanford-St-90403/home/6762314,CRMLS,BB20129635,N,Y,34.0445057,-118.4796187
MLS Listing,,Condo/Co-op,1319 11th St #5,Santa Monica,CA,90401,649000,1,1.0,Santa Monica,536,7523,1958,54,1211,334,Active,,,http://www.redfin.com/CA/Santa-Monica/1319-11th-St-90401/unit-5/home/6774034,TheMLS,20-586222,N,Y,34.0229264,-118.4893481
MLS Listing,,Condo/Co-op,848 Lincoln Blvd Unit A,Santa Monica,CA,90403,1299000,2,2.5,Santa Monica,1420,14988,1982,133,915,635,Active,,,http://www.redfin.com/CA/Santa-Monica/848-Lincoln-Blvd-90403/unit-A/home/6780004,TheMLS,20-565224,N,Y,34.0263061,-118.4998716
PAST SALE,July-10-2020,Condo/Co-op,2721 2nd St #212,Santa Monica,CA,90405,669000,1,1.0,Santa Monica,643,26025,1972,19,1040,451,Sold,,,http://www.redfin.com/CA/Santa-Monica/2721-2nd-St-90405/unit-212/home/6777919,TheMLS,20-582852,N,Y,34.0010213,-118.48107
PAST SALE,July-15-2020,Townhouse,1314 17th St #7,Santa Monica,CA,90404,1055000,2,3.0,Santa Monica,1209,37473,1973,14,873,465,Sold,,,http://www.redfin.com/CA/Santa-Monica/1314-17th-St-90404/unit-7/home/6774114,TheMLS,20-582832,N,Y,34.0271804,-118.4843248
MLS Listing,,Single Family Residential,1010 Centinela Ave,Santa Monica,CA,90403,2500000,4,3.0,Santa Monica,1785,9043,1953,1,1401,,Active,,,http://www.redfin.com/CA/Santa-Monica/1010-Centinela-Ave-90403/home/6762263,TheMLS,20-610904,N,Y,34.0436667,-118.4745577
MLS Listing,,Single Family Residential,823 Wilson Pl,Santa Monica,CA,90405,2795000,6,4.0,Santa Monica,3580,7378,1913,1,781,,Active,,,http://www.redfin.com/CA/Santa-Monica/823-Wilson-Pl-90405/home/6776257,TheMLS,20-608344,N,Y,34.0047841,-118.472094
MLS Listing,,Townhouse,1420 Princeton St #5,Santa Monica,CA,90404,1049000,2,3.0,Santa Monica,1300,7138,1991,1,807,350,Active,,,http://www.redfin.com/CA/Santa-Monica/1420-Princeton-St-90404/unit-5/home/6763735,TheMLS,20-609782,N,Y,34.03337,-118.4731523
MLS Listing,,Condo/Co-op,2411 3rd St Unit H,Santa Monica,CA,90405,799000,1,1.0,Santa Monica,693,15464,1922,1,1153,214,Active,,,http://www.redfin.com/CA/Santa-Monica/2411-3rd-St-90405/unit-H/home/6777387,TheMLS,20-609978,N,Y,34.0051195,-118.483451
MLS Listing,,Condo/Co-op,833 Ocean Ave #303,Santa Monica,CA,90403,2349000,2,2.0,Santa Monica,1430,14990,1976,1,1643,1100,Active,,,http://www.redfin.com/CA/Santa-Monica/833-Ocean-Ave-90403/unit-303/home/6781059,TheMLS,20-610304,N,Y,34.0216832,-118.5063155
MLS Listing,,Condo/Co-op,2021 California Ave #9,Santa Monica,CA,90403,939000,2,2.0,Santa Monica,1094,27504,1958,1,858,451,Active,,,http://www.redfin.com/CA/Santa-Monica/2021-California-Ave-90403/unit-9/home/6769457,TheMLS,20-610720,N,Y,34.0335464,-118.4843762
MLS Listing,,Single Family Residential,428 21st St,Santa Monica,CA,90402,3690000,3,2.5,Santa Monica,2528,8940,1925,1,1460,,Active,,,http://www.redfin.com/CA/Santa-Monica/428-21st-St-90402/home/6770408,TheMLS,20-610454,N,Y,34.0408711,-118.4936359
MLS Listing,,Townhouse,1232 Stanford St #3,Santa Monica,CA,90404,909000,2,2.5,Santa Monica,1215,17036,1974,1,748,350,Active,,,http://www.redfin.com/CA/Santa-Monica/1232-Stanford-St-90404/unit-3/home/6763035,TheMLS,20-610316,N,Y,34.0380489,-118.4730634
MLS Listing,,Condo/Co-op,1419 15th St #5,Santa Monica,CA,90404,799000,2,1.0,Santa Monica,832,7493,1956,1,960,347,Active,,,http://www.redfin.com/CA/Santa-Monica/1419-15th-St-90404/unit-5/home/6774158,TheMLS,20-608466,N,Y,34.0246507,-118.4839928
MLS Listing,,Condo/Co-op,1705 Ocean Ave #314,Santa Monica,CA,90401,2799000,2,2.25,Santa Monica,1609,,2014,1,1740,1598,Active,,,http://www.redfin.com/CA/Santa-Monica/1705-Ocean-Ave-90401/unit-314/home/52822984,TheMLS,20-609678,N,Y,34.0097742,-118.4926885
MLS Listing,,Condo/Co-op,1754 11th St #102,Santa Monica,CA,90404,1069000,2,2.5,Santa Monica,1401,7514,1990,1,763,375,Active,,,http://www.redfin.com/CA/Santa-Monica/1754-11th-St-90404/unit-102/home/6774434,TheMLS,20-608518,N,Y,34.0161196,-118.4824591
MLS Listing,,Single Family Residential,307 19th St,Santa Monica,CA,90402,3800000,5,3.5,Santa Monica,3172,8953,1926,1,1198,,Active,,,http://www.redfin.com/CA/Santa-Monica/307-19th-St-90402/home/6770554,TheMLS,20-600338,N,Y,34.0417387,-118.4970847
MLS Listing,,Condo/Co-op,535 Ocean Ave Unit 1C,Santa Monica,CA,90402,1425000,1,1.0,Santa Monica,1178,22462,1963,2,1210,1915,Active,,,http://www.redfin.com/CA/Santa-Monica/535-Ocean-Ave-90402/unit-1C/home/6781929,TheMLS,20-609980,N,Y,34.0242852,-118.5097061
MLS Listing,,Vacant Land,1900 20th St,Santa Monica,CA,90404,2435000,,,Santa Monica,,7575,,2,,,Active,,,http://www.redfin.com/CA/Santa-Monica/1900-20th-St-90404/home/22354951,TheMLS,20-607926,N,Y,34.021598,-118.472269
MLS Listing,,Single Family Residential,1048 Chelsea Ave,Santa Monica,CA,90403,1450000,2,1.0,C14 - Santa Monica,1102,6211,1947,2,1316,,Active,,,http://www.redfin.com/CA/Santa-Monica/1048-Chelsea-Ave-90403/home/6769321,CRMLS,DW20148984,N,Y,34.0362682,-118.4812865
MLS Listing,,Single Family Residential,1309 Arizona Ave,Santa Monica,CA,90404,1450000,1,1.0,C14 - Santa Monica,728,2502,1923,2,1992,,Active,,,http://www.redfin.com/CA/Santa-Monica/1309-Arizona-Ave-90404/home/6773689,CRISNet,SR20145236,N,Y,34.0251137,-118.4879699
MLS Listing,,Condo/Co-op,201 Ocean Ave Unit 1609P,Santa Monica,CA,90402,2895000,3,2.5,Santa Monica,1566,38608,1971,2,1849,4143,Active,,,http://www.redfin.com/CA/Santa-Monica/201-Ocean-Ave-90402/unit-1609P/home/17243696,TheMLS,20-603240,N,Y,34.0270978,-118.5143597
MLS Listing,,Multi-Family (2-4 Unit),2401 Oak St,Santa Monica,CA,90405,2473000,6,4.0,Santa Monica,3091,6535,1948,2,800,,Active,,,http://www.redfin.com/CA/Santa-Monica/2401-Oak-St-90405/home/6766116,TheMLS,20-609638,N,Y,34.015595,-118.459923
MLS Listing,,Condo/Co-op,1144 Stanford St #7,Santa Monica,CA,90403,599000,1,1.0,Santa Monica,682,10220,1964,5,878,400,Active,,,http://www.redfin.com/CA/Santa-Monica/1144-Stanford-St-90403/unit-7/home/8147803,TheMLS,20-609220,N,Y,34.0393676,-118.4746083
MLS Listing,,Condo/Co-op,629 Idaho Ave #2,Santa Monica,CA,90403,649000,1,1.0,Santa Monica,636,14994,1957,5,1020,324,Active,,,http://www.redfin.com/CA/Santa-Monica/629-Idaho-Ave-90403/unit-2/home/6780246,TheMLS,20-608924,N,Y,34.025449,-118.5007248
MLS Listing,,Townhouse,2115 3rd St #203,Santa Monica,CA,90405,2595000,3,3.5,Santa Monica,2302,26994,1991,5,1127,933,Active,,,http://www.redfin.com/CA/Santa-Monica/2115-3rd-St-90405/unit-203/home/6779551,TheMLS,20-607880,N,Y,34.0071203,-118.4857932
MLS Listing,,Condo/Co-op,1705 Ocean Ave #502,Santa Monica,CA,90401,2880000,2,2.0,Santa Monica,,40866,2014,5,,1750,Active,,,http://www.redfin.com/CA/Santa-Monica/1705-Ocean-Ave-90401/unit-502/home/57101595,TheMLS,20-608464,N,Y,34.0097742,-118.4926885
MLS Listing,,Condo/Co-op,2817 3rd St #1,Santa Monica,CA,90405,2225000,3,2.0,Santa Monica,2001,,,6,1112,696,Active,,,http://www.redfin.com/CA/Santa-Monica/2817-3rd-St-90405/unit-1/home/172347701,TheMLS,20-608566,N,Y,34.0011409,-118.479748
MLS Listing,,Single Family Residential,720 Arizona Ave,Santa Monica,CA,90401,2250000,2,1.0,Santa Monica,1064,3252,1922,6,2115,,Active,,,http://www.redfin.com/CA/Santa-Monica/720-Arizona-Ave-90401/home/6779914,TheMLS,20-608426,N,Y,34.0203919,-118.4931736
MLS Listing,,Multi-Family (2-4 Unit),2623 28th St,Santa Monica,CA,90405,1680000,5,4.0,Santa Monica,2140,5984,1945,6,785,,Active,,,http://www.redfin.com/CA/Santa-Monica/2623-28th-St-90405/home/6765195,TheMLS,20-607372,N,Y,34.019772,-118.456236
MLS Listing,,Condo/Co-op,1229 Stanford St #6,Santa Monica,CA,90404,1099000,2,2.5,Santa Monica,1357,7505,1981,6,810,300,Active,,,http://www.redfin.com/CA/Santa-Monica/1229-Stanford-St-90404/unit-6/home/6762973,TheMLS,20-589774,N,Y,34.0386182,-118.472716
MLS Listing,,Condo/Co-op,1447 Stanford St Unit C,Santa Monica,CA,90404,829000,2,1.75,Santa Monica,1035,31232,1967,6,801,268,Active,,,http://www.redfin.com/CA/Santa-Monica/1447-Stanford-St-90404/unit-C/home/8184465,TheMLS,20-607816,N,Y,34.0355411,-118.4690372
MLS Listing,,Condo/Co-op,1317 Franklin St Unit B,Santa Monica,CA,90404,589000,1,1.0,Santa Monica,503,29047,1953,7,1171,341,Active,,,http://www.redfin.com/CA/Santa-Monica/1317-Franklin-St-90404/unit-B/home/6763507,TheMLS,20-607764,N,Y,34.038987,-118.4695154
MLS Listing,,Condo/Co-op,1002 14th St #4,Santa Monica,CA,90403,949000,2,1.75,Santa Monica,957,7522,1969,8,992,429,Active,,,http://www.redfin.com/CA/Santa-Monica/1002-14th-St-90403/unit-4/home/6772495,TheMLS,20-607122,N,Y,34.0291779,-118.4921838
MLS Listing,,Condo/Co-op,2203 Ocean Ave #104,Santa Monica,CA,90405,1900000,2,2.0,Santa Monica,1097,12982,1989,8,1732,480,Active,,,http://www.redfin.com/CA/Santa-Monica/2203-Ocean-Ave-90405/unit-104/home/6779779,TheMLS,20-607290,N,Y,34.0045344,-118.4884895
MLS Listing,,Condo/Co-op,211 California Ave #304,Santa Monica,CA,90403,1848000,2,2.5,Santa Monica,1357,15021,1989,8,1362,700,Active,,,http://www.redfin.com/CA/Santa-Monica/211-California-Ave-90403/unit-304/home/6780872,TheMLS,20-602764,N,Y,34.0193795,-118.5017784
MLS Listing,,Condo/Co-op,1217 24th St Unit B,Santa Monica,CA,90404,1190000,2,2.0,Santa Monica,1398,4877,1991,9,851,410,Active,,,http://www.redfin.com/CA/Santa-Monica/1217-24th-St-90404/unit-B/home/6768262,TheMLS,20-606726,N,Y,34.0337905,-118.4791467
MLS Listing,,Townhouse,1122 26th St #104,Santa Monica,CA,90403,1329000,2,2.5,Santa Monica,1330,6122,2009,9,999,575,Active,,,http://www.redfin.com/CA/Santa-Monica/1122-26th-St-90403/unit-104/home/40143893,TheMLS,20-606510,N,Y,34.0367595,-118.4787964
MLS Listing,,Vacant Land,19 N Haldeman Rd,Pacific Palisades,CA,90272,4500000,,,Pacific Palisades,,11140,,9,,,Active,,,http://www.redfin.com/CA/Pacific-Palisades/19-N-Haldeman-RD-90272/home/172527137,TheMLS,20-607032,N,Y,34.038334,-118.513291
MLS Listing,,Multi-Family (5+ Unit),2224 Oak St,Santa Monica,CA,90405,2095000,4,5.0,Santa Monica,3254,8260,1937,9,644,,Active,,,http://www.redfin.com/CA/Santa-Monica/2224-Oak-St-90405/home/6765799,TheMLS,20-605710,N,Y,34.014049,-118.4611306
MLS Listing,,Condo/Co-op,1528 Yale St #6,Santa Monica,CA,90404,849000,2,1.0,Santa Monica,879,18727,1948,9,966,404,Active,,,http://www.redfin.com/CA/Santa-Monica/1528-Yale-St-90404/unit-6/home/6763839,TheMLS,20-605394,N,Y,34.0334661,-118.4695827
MLS Listing,,Single Family Residential,410 Lincoln Blvd,Santa Monica,CA,90402,6996000,7,7.0,Santa Monica,6710,7497,2016,9,1043,,Active,,,http://www.redfin.com/CA/Santa-Monica/410-Lincoln-Blvd-90402/home/6781686,TheMLS,20-606800,N,Y,34.0316237,-118.5060757
MLS Listing,,Townhouse,821 Bay St Unit B1,Santa Monica,CA,90405,1100000,3,2.0,C14 - Santa Monica,1504,17853,1981,9,731,600,Active,,,http://www.redfin.com/CA/Santa-Monica/821-Bay-St-90405/unit-B1/home/6774750,CRISNet,SR20143133,N,Y,34.01211,-118.4817637
MLS Listing,,Multi-Family (5+ Unit),1620 Washington Ave,Santa Monica,CA,90403,3400000,9,6.0,Santa Monica,5922,7496,1936,9,574,,Active,,,http://www.redfin.com/CA/Santa-Monica/1620-Washington-Ave-90403/home/6772035,TheMLS,20-606622,N,Y,34.0313891,-118.489485
MLS Listing,,Condo/Co-op,846 21st St #5,Santa Monica,CA,90403,1950000,3,2.5,Santa Monica,1906,7987,2000,10,1023,600,Active,,,http://www.redfin.com/CA/Santa-Monica/846-21st-St-90403/unit-5/home/8119134,TheMLS,20-606464,N,Y,34.0363403,-118.4876438
MLS Listing,,Single Family Residential,819 Berkeley St,Santa Monica,CA,90403,3350000,4,3.0,Santa Monica,2562,9027,1966,10,1308,,Active,,,http://www.redfin.com/CA/Santa-Monica/819-Berkeley-St-90403/home/6762313,TheMLS,20-605750,N,Y,34.0443548,-118.4793365
MLS Listing,,Townhouse,1018 NW 2nd St #3,Santa Monica,CA,90403,2555000,3,2.5,Santa Monica,2002,7507,1993,11,1276,600,Active,,,http://www.redfin.com/CA/Santa-Monica/1018-2nd-St-90403/unit-3/home/6781292,TheMLS,20-606170,N,Y,34.0196763,-118.5031858
MLS Listing,,Condo/Co-op,1319 11th St #2,Santa Monica,CA,90401,540000,1,1.0,Santa Monica,545,7523,1958,11,991,334,Active,,,http://www.redfin.com/CA/Santa-Monica/1319-11th-St-90401/unit-2/home/6774031,TheMLS,20-603968,N,Y,34.0229264,-118.4893481
MLS Listing,,Condo/Co-op,631 Pacific St #1,Santa Monica,CA,90405,1165000,2,1.0,Santa Monica,,5872,1960,12,,250,Active,,,http://www.redfin.com/CA/Santa-Monica/631-Pacific-St-90405/unit-1/home/6779210,VCRDS,220007529,N,Y,34.0094608,-118.4827034
MLS Listing,,Condo/Co-op,201 Ocean Ave Unit 1903P,Santa Monica,CA,90402,1300000,1,1.0,Santa Monica,906,38608,1971,12,1435,2559,Active,,,http://www.redfin.com/CA/Santa-Monica/201-Ocean-Ave-90402/unit-1903P/home/17243748,TheMLS,20-606002,N,Y,34.0270978,-118.5143597
MLS Listing,,Condo/Co-op,201 Ocean Ave Unit 1904P,Santa Monica,CA,90402,1850000,3,3.0,Santa Monica,1554,38608,1971,12,1190,3991,Active,,,http://www.redfin.com/CA/Santa-Monica/201-Ocean-Ave-90402/unit-1904P/home/17243645,TheMLS,20-605988,N,Y,34.0270978,-118.5143597
MLS Listing,,Single Family Residential,528 Marguerita Ave,Santa Monica,CA,90402,5650000,5,6.0,Santa Monica,6444,11043,,12,877,,Active,,,http://www.redfin.com/CA/Santa-Monica/528-Marguerita-Ave-90402/home/6782010,TheMLS,20-605984,N,Y,34.028465,-118.505956
MLS Listing,,Single Family Residential,520 Marguerita Ave,Santa Monica,CA,90402,5950000,6,7.0,Santa Monica,7044,12149,,12,845,,Active,,,http://www.redfin.com/CA/Santa-Monica/520-Marguerita-Ave-90402/home/6782009,TheMLS,20-605910,N,Y,34.028363,-118.506079
MLS Listing,,Single Family Residential,1137 Stanford St,Santa Monica,CA,90403,3199000,4,3.0,Santa Monica,2307,8529,1927,12,1387,,Active,,,http://www.redfin.com/CA/Santa-Monica/1137-Stanford-St-90403/home/6762428,TheMLS,20-600858,N,Y,34.040301,-118.4746962
MLS Listing,,Condo/Co-op,1444 11th St #8,Santa Monica,CA,90401,1490000,2,2.5,Santa Monica,1335,,2020,12,1116,464,Active,,,http://www.redfin.com/CA/Santa-Monica/1444-11th-St-90401/unit-8/home/172519168,TheMLS,20-605310,N,Y,34.0205827,-118.4878561
MLS Listing,,Condo/Co-op,1444 11th St #7,Santa Monica,CA,90401,1390000,2,2.0,Santa Monica,1118,,2020,12,1243,464,Active,,,http://www.redfin.com/CA/Santa-Monica/1444-11th-St-90401/unit-7/home/172519167,TheMLS,20-605306,N,Y,34.0205827,-118.4878561
MLS Listing,,Condo/Co-op,1253 17th St #102,Santa Monica,CA,90404,1749000,2,2.5,Santa Monica,1966,7523,2014,12,890,545,Active,,,http://www.redfin.com/CA/Santa-Monica/1253-17th-St-90404/unit-102/home/79039746,TheMLS,20-605766,N,Y,34.0281776,-118.484431
MLS Listing,,Condo/Co-op,847 5th St #108,Santa Monica,CA,90403,965000,2,2.0,Santa Monica,1261,15001,1969,12,765,450,Active,,,http://www.redfin.com/CA/Santa-Monica/847-5th-St-90403/unit-108/home/6780322,TheMLS,20-605646,N,Y,34.0245538,-118.5023025
MLS Listing,,Condo/Co-op,201 Ocean Ave Unit 508B,Santa Monica,CA,90402,1750000,2,2.0,Santa Monica,1228,57915,1971,12,1425,6626,Active,,,http://www.redfin.com/CA/Santa-Monica/201-Ocean-Ave-90402/unit-508B/home/17171326,TheMLS,20-605564,N,Y,34.0270978,-118.5143597
MLS Listing,,Single Family Residential,130 Hart Ave,Santa Monica,CA,90405,3599000,2,3.0,Santa Monica,2287,2365,1906,13,1574,,Active,,,http://www.redfin.com/CA/Santa-Monica/130-Hart-Ave-90405/home/6778606,VCRDS,220007451,N,Y,34.0021298,-118.4862762
MLS Listing,,Condo/Co-op,520 Strand St #2,Santa Monica,CA,90405,985000,2,2.0,Santa Monica,923,11243,1963,13,1067,429,Active,,,http://www.redfin.com/CA/Santa-Monica/520-Strand-St-90405/unit-2/home/6779331,TheMLS,20-605366,N,Y,34.0075657,-118.4826423
MLS Listing,,Single Family Residential,721 16th St,Santa Monica,CA,90402,3799000,5,4.0,Santa Monica,3555,7507,1924,13,1069,,Active,,,http://www.redfin.com/CA/Santa-Monica/721-16th-St-90402/home/6770966,TheMLS,20-605356,N,Y,34.0344322,-118.4935435
MLS Listing,,Condo/Co-op,943 14th St #4,Santa Monica,CA,90403,1998000,3,1.75,Santa Monica,1955,7509,,13,1022,350,Active,,,http://www.redfin.com/CA/Santa-Monica/943-14th-St-90403/unit-4/home/105720510,TheMLS,20-604930,N,Y,34.0301156,-118.4923587
MLS Listing,,Single Family Residential,332 17th,Santa Monica,CA,90402,7249000,5,6.25,C14 - Santa Monica,6200,7500,2020,13,1169,,Active,,,http://www.redfin.com/CA/Santa-Monica/332-17th-St-90402/home/6770890,CRISNet,SR20140365,N,Y,34.03909,-118.4982319
MLS Listing,,Condo/Co-op,201 Ocean Ave Unit 1702B,Santa Monica,CA,90402,899000,0,1.0,Pacific Palisades,510,57915,1971,14,1763,1535,Active,,,http://www.redfin.com/CA/Santa-Monica/201-Ocean-Ave-90402/unit-1702B/home/17243686,TheMLS,20-604874,N,Y,34.0270978,-118.5143597
MLS Listing,,Townhouse,1823 11th St #4,Santa Monica,CA,90404,998000,2,2.5,Santa Monica,1335,7465,1980,14,748,373,Active,,,http://www.redfin.com/CA/Santa-Monica/1823-11th-St-90404/unit-4/home/6774594,TheMLS,20-602474,N,Y,34.0158116,-118.4810417
MLS Listing,,Condo/Co-op,833 21st St #7,Santa Monica,CA,90403,919000,2,2.0,Santa Monica,1081,8011,1971,14,850,301,Active,,,http://www.redfin.com/CA/Santa-Monica/833-21st-St-90403/unit-7/home/6768598,TheMLS,20-604032,N,Y,34.0370569,-118.4874693
MLS Listing,,Multi-Family (5+ Unit),1045 Ocean Ave,Santa Monica,CA,90403,15990000,18,14.0,C14 - Santa Monica,15005,11260,1922,14,1066,,Active,,,http://www.redfin.com/CA/Santa-Monica/1045-Ocean-Ave-90403/home/6781161,CRMLS,AR20136079,N,Y,34.0187806,-118.5030638
MLS Listing,,Single Family Residential,435 Hillside Ln,Santa Monica,CA,90402,1850000,3,2.0,Santa Monica,,5152,1955,14,,,Active,,,http://www.redfin.com/CA/Santa-Monica/435-Hillside-Ln-90402/home/6840458,TheMLS,20-603924,N,Y,34.0328049,-118.5184863
MLS Listing,,Single Family Residential,1014 Berkeley St,Santa Monica,CA,90403,8450000,7,8.0,Santa Monica,7500,8409,2020,15,1127,,Active,,,http://www.redfin.com/CA/Santa-Monica/1014-Berkeley-St-90403/home/6762381,TheMLS,20-600836,N,Y,34.0421686,-118.4760632
MLS Listing,,Condo/Co-op,2625 4th St Unit D,Santa Monica,CA,90405,789000,2,1.5,Santa Monica,880,5521,1958,16,897,460,Active,,,http://www.redfin.com/CA/Santa-Monica/2625-4th-St-90405/unit-D/home/172488134,TheMLS,20-601984,N,Y,34.0036507,-118.4806236
MLS Listing,,Condo/Co-op,2625 4th St Unit C,Santa Monica,CA,90405,699000,2,1.5,Santa Monica,888,5521,1958,16,787,411,Active,,,http://www.redfin.com/CA/Santa-Monica/2625-4th-St-90405/unit-C/home/172488132,TheMLS,20-601892,N,Y,34.0036507,-118.4806236
MLS Listing,,Single Family Residential,712 San Lorenzo St,Santa Monica,CA,90402,4449000,5,4.0,Santa Monica,4700,6904,1949,16,947,,Active,,,http://www.redfin.com/CA/Santa-Monica/712-San-Lorenzo-St-90402/home/6839826,TheMLS,20-602962,N,Y,34.0382895,-118.5094096
MLS Listing,,Single Family Residential,1754 Wellesley Dr,Santa Monica,CA,90405,1749000,2,1.5,Santa Monica,1170,6326,1950,16,1495,,Active,,,http://www.redfin.com/CA/Santa-Monica/1754-Wellesley-Dr-90405/home/6776018,TheMLS,20-600608,N,Y,34.0090019,-118.4620058
MLS Listing,,Single Family Residential,133 Ocean Park Blvd,Santa Monica,CA,90405,6587000,3,2.5,Santa Monica,2263,2358,1905,16,2911,,Active,,,http://www.redfin.com/CA/Santa-Monica/133-Ocean-Park-Blvd-90405/home/6778651,TheMLS,20-603520,N,Y,34.0014591,-118.4854991
MLS Listing,,Townhouse,1010 19th St #3,Santa Monica,CA,90403,1295000,2,3.0,Santa Monica,1526,19845,1963,16,849,560,Active,,,http://www.redfin.com/CA/Santa-Monica/1010-19th-St-90403/unit-3/home/6769567,TheMLS,20-602972,N,Y,34.0329422,-118.487355
MLS Listing,,Condo/Co-op,2427 Centinela Ave Unit F,Santa Monica,CA,90405,475000,1,1.0,Santa Monica,625,17862,1950,17,760,241,Active,,,http://www.redfin.com/CA/Santa-Monica/2427-S-Centinela-Ave-90405/unit-F/home/6765016,TheMLS,20-603148,N,Y,34.0264118,-118.4520333
MLS Listing,,Condo/Co-op,1511 16th St #204,Santa Monica,CA,90404,799000,1,1.5,Santa Monica,,7506,1991,19,,316,Active,,,http://www.redfin.com/CA/Santa-Monica/1511-16th-St-90404/unit-204/home/6774365,TheMLS,20-602786,N,Y,34.0241761,-118.4815971
MLS Listing,,Townhouse,428 Hill St #7,Santa Monica,CA,90405,1575000,3,2.25,Santa Monica,1461,14784,1973,19,1078,473,Active,,,http://www.redfin.com/CA/Santa-Monica/428-Hill-St-90405/unit-7/home/6777826,TheMLS,20-602456,N,Y,34.003113,-118.4791889
MLS Listing,,Townhouse,1135 17th St Unit D,Santa Monica,CA,90403,1549000,2,2.25,Santa Monica,1496,7519,1993,19,1035,500,Active,,,http://www.redfin.com/CA/Santa-Monica/1135-17th-St-90403/unit-D/home/6768081,TheMLS,20-601316,N,Y,34.029881,-118.486416
MLS Listing,,Single Family Residential,710 Marguerita Ave,Santa Monica,CA,90402,4950000,5,4.25,C14 - Santa Monica,4474,7497,2001,20,1106,,Active,,,http://www.redfin.com/CA/Santa-Monica/710-Marguerita-Ave-90402/home/6782034,CRISNet,SR20134239,N,Y,34.0299597,-118.5050307
MLS Listing,,Condo/Co-op,1118 3rd St #205,Santa Monica,CA,90403,1745000,2,2.0,Santa Monica,1649,30007,1982,20,1058,785,Active,,,http://www.redfin.com/CA/Santa-Monica/1118-3rd-St-90403/unit-205/home/6780797,TheMLS,20-601904,N,Y,34.0189178,-118.5004556
MLS Listing,,Townhouse,30 Sea Colony Dr,Santa Monica,CA,90405,2395000,2,2.5,Santa Monica,1855,,1979,20,1291,1200,Active,,,http://www.redfin.com/CA/Santa-Monica/30-Sea-Colony-Dr-90405/home/6778840,TheMLS,20-601086,N,Y,33.9977428,-118.482334
MLS Listing,,Condo/Co-op,832 Euclid St #208,Santa Monica,CA,90403,839000,1,1.0,Santa Monica,806,15005,1973,20,1041,334,Active,,,http://www.redfin.com/CA/Santa-Monica/832-Euclid-St-90403/unit-208/home/6772642,TheMLS,20-600842,N,Y,34.0304428,-118.4955104
MLS Listing,,Single Family Residential,1440 Berkeley St,Santa Monica,CA,90404,2350000,3,1.0,Santa Monica,1142,7808,1947,20,2058,,Active,,,http://www.redfin.com/CA/Santa-Monica/1440-Berkeley-St-90404/home/6763564,TheMLS,20-601828,N,Y,34.0360904,-118.4687872
MLS Listing,,Condo/Co-op,928 11th St #4,Santa Monica,CA,90403,1299000,2,2.5,Santa Monica,1450,7522,1981,21,896,450,Active,,,http://www.redfin.com/CA/Santa-Monica/928-11th-St-90403/unit-4/home/6773152,TheMLS,20-601686,N,Y,34.0277186,-118.4960094
MLS Listing,,Multi-Family (5+ Unit),2615 2nd St,Santa Monica,CA,90405,4500000,8,8.0,C14 - Santa Monica,4696,6488,1962,21,958,,Active,,,http://www.redfin.com/CA/Santa-Monica/2615-2nd-St-90405/home/6777440,CRMLS,AR20133646,N,Y,34.0022169,-118.4823046
MLS Listing,,Condo/Co-op,101 Ocean Ave Unit C200,Santa Monica,CA,90402,6500000,2,3.0,Santa Monica,2902,85209,1963,22,2240,3554,Active,,,http://www.redfin.com/CA/Santa-Monica/101-Ocean-Ave-90402/unit-C200/home/6840271,TheMLS,20-600870,N,Y,34.0268562,-118.5157694
MLS Listing,,Condo/Co-op,1214 14th St #101,Santa Monica,CA,90404,1145000,2,2.0,Santa Monica,1495,7477,1991,22,766,500,Active,,,http://www.redfin.com/CA/Santa-Monica/1214-14th-St-90404/unit-101/home/6773739,TheMLS,20-600992,N,Y,34.0262227,-118.4887334
MLS Listing,,Single Family Residential,1609 Georgina Ave,Santa Monica,CA,90402,6400000,4,4.5,Santa Monica,3536,8820,1937,22,1810,,Active,,,http://www.redfin.com/CA/Santa-Monica/1609-Georgina-Ave-90402/home/6770848,TheMLS,20-600808,N,Y,34.0408433,-118.5010166
MLS Listing,,Single Family Residential,1130 Georgina Ave,Santa Monica,CA,90402,11900000,6,8.0,Santa Monica,10517,12438,2020,22,1132,,Active,,,http://www.redfin.com/CA/Santa-Monica/1130-Georgina-Ave-90402/home/6771451,TheMLS,20-599012,N,Y,34.0363896,-118.5042717
MLS Listing,,Single Family Residential,343 Sycamore Rd,Santa Monica,CA,90402,3795000,3,3.25,Santa Monica,2075,6567,1923,22,1829,,Active,,,http://www.redfin.com/CA/Santa-Monica/343-Sycamore-Rd-90402/home/6840562,TheMLS,20-592300,N,Y,34.0314787,-118.5159778
MLS Listing,,Single Family Residential,633 7th St,Santa Monica,CA,90402,3225000,3,2.0,Santa Monica,2097,7494,1948,22,1538,,Active,,,http://www.redfin.com/CA/Santa-Monica/633-7th-St-90402/home/6782050,TheMLS,20-600524,N,Y,34.0280808,-118.5027872
MLS Listing,,Condo/Co-op,2247 20th St #5,Santa Monica,CA,90405,819000,2,2.0,C14 - Santa Monica,1092,6764,1977,23,750,237,Active,,,http://www.redfin.com/CA/Santa-Monica/2247-20th-St-90405/unit-5/home/6766261,CRISNet,SR20131546,N,Y,34.0176867,-118.4675888
MLS Listing,,Multi-Family (5+ Unit),1220 California Ave,Santa Monica,CA,90403,7150000,17,19.0,Santa Monica,12718,10005,1962,23,562,,Active,,,http://www.redfin.com/CA/Santa-Monica/1220-California-Ave-90403/unit-1/home/6772850,TheMLS,20-600084,N,Y,34.0269304,-118.4915173
MLS Listing,,Single Family Residential,238 Hill St,Santa Monica,CA,90405,1785000,3,2.0,Santa Monica,1040,2649,1916,24,1716,,Active,,,http://www.redfin.com/CA/Santa-Monica/238-Hill-St-90405/home/6777879,TheMLS,20-597046,N,Y,34.0015523,-118.4814465
MLS Listing,,Single Family Residential,2637 30th St,Santa Monica,CA,90405,2345000,3,2.5,Santa Monica,2346,5998,1974,26,1000,,Active,,,http://www.redfin.com/CA/Santa-Monica/2637-30th-St-90405/home/6765593,TheMLS,20-599448,N,Y,34.0209935,-118.4544546
MLS Listing,,Condo/Co-op,2920 Neilson Way #303,Santa Monica,CA,90405,1290000,2,2.0,Santa Monica,1229,134111,1980,26,1050,1065,Active,,,http://www.redfin.com/CA/Santa-Monica/2920-Neilson-Way-90405/unit-303/home/6778803,TheMLS,20-598978,N,Y,33.9982654,-118.4816049
MLS Listing,,Condo/Co-op,1133 9th St #205,Santa Monica,CA,90403,899999,1,2.0,C14 - Santa Monica,989,30008,1982,27,910,595,Active,,,http://www.redfin.com/CA/Santa-Monica/1133-9th-St-90403/unit-205/home/6773304,PFAR,820002513,N,Y,34.0236635,-118.4938914
MLS Listing,,Condo/Co-op,912 6th St #8,Santa Monica,CA,90403,530000,1,1.0,Santa Monica,632,14994,1958,27,839,265,Active,,,http://www.redfin.com/CA/Santa-Monica/912-6th-St-90403/unit-8/home/6780419,TheMLS,20-598056,N,Y,34.0242298,-118.5011408
MLS Listing,,Condo/Co-op,201 Ocean Ave Unit 1206B,Santa Monica,CA,90402,2275000,2,2.0,Santa Monica,1229,57915,1971,27,1851,,Active,,,http://www.redfin.com/CA/Santa-Monica/201-Ocean-Ave-90402/unit-1206B/home/17243689,TheMLS,20-598752,N,Y,34.0270978,-118.5143597
MLS Listing,,Townhouse,944 17th St #1,Santa Monica,CA,90403,2649000,4,3.25,Santa Monica,2841,,1973,27,932,310,Active,,,http://www.redfin.com/CA/Santa-Monica/944-17th-St-90403/unit-1/home/6771999,TheMLS,20-597960,N,Y,34.032027,-118.4899907
MLS Listing,,Townhouse,2663 Centinela Ave #103,Santa Monica,CA,90405,925000,2,2.5,C14 - Santa Monica,1366,34330,1981,27,677,500,Active,,,http://www.redfin.com/CA/Santa-Monica/2663-S-Centinela-Ave-90405/unit-103/home/6765358,CRISNet,SR20128875,N,Y,34.0237676,-118.4499643
MLS Listing,,Townhouse,1120 23rd St,Santa Monica,CA,90403,1920000,3,2.5,Santa Monica,1650,6098,1960,27,1164,425,Active,,,http://www.redfin.com/CA/Santa-Monica/1120-23rd-St-90403/home/6767897,TheMLS,20-597038,N,Y,34.0341922,-118.4819674
MLS Listing,,Condo/Co-op,808 5Th St #1,Santa Monica,CA,90403,899000,2,2.0,Santa Monica,1249,7496,1960,28,720,573,Active,,,http://www.redfin.com/CA/Santa-Monica/808-5th-St-90403/unit-1/home/6780638,CRMLS,200030460,N,Y,34.0248507,-118.5037099
MLS Listing,,Townhouse,737 Pier Ave #2,Santa Monica,CA,90405,1195000,2,3.0,Santa Monica,1227,10984,1981,28,974,350,Active,,,http://www.redfin.com/CA/Santa-Monica/737-Pier-Ave-90405/unit-2/home/6778227,TheMLS,20-598242,N,Y,34.0038966,-118.4734404
MLS Listing,,Single Family Residential,2455 Chelsea Pl,Santa Monica,CA,90404,1500000,2,1.0,Santa Monica,1224,5212,1920,28,1225,,Active,,,http://www.redfin.com/CA/Santa-Monica/2455-Chelsea-Pl-90404/home/6768379,TheMLS,20-590418,N,Y,34.0332481,-118.4762457
MLS Listing,,Condo/Co-op,1755 Ocean Ave #505,Santa Monica,CA,90401,1650000,1,1.0,Santa Monica,1054,,2014,29,1565,1660,Active,,,http://www.redfin.com/CA/Santa-Monica/1755-Ocean-Ave-90401/unit-505/home/55580455,TheMLS,20-597172,N,Y,34.0089422,-118.4913586
MLS Listing,,Condo/Co-op,1422 California Ave #3,Santa Monica,CA,90403,1289000,2,2.5,Santa Monica,1279,5000,2019,30,1008,389,Active,,,http://www.redfin.com/CA/Santa-Monica/1422-California-Ave-90403/unit-3/home/6772439,TheMLS,20-597466,N,Y,34.0284183,-118.4896904
MLS Listing,,Single Family Residential,709 Copeland Ct,Santa Monica,CA,90405,1849000,2,1.0,Santa Monica,610,5862,1920,30,3031,,Active,,,http://www.redfin.com/CA/Santa-Monica/709-Copeland-Ct-90405/home/6777644,TheMLS,20-596794,N,Y,34.0059704,-118.4767207
MLS Listing,,Condo/Co-op,1102 12th St #2,Santa Monica,CA,90403,960000,2,2.0,Santa Monica,1307,5000,1981,30,735,473,Active,,,http://www.redfin.com/CA/Santa-Monica/1102-12th-St-90403/unit-2/home/6772889,TheMLS,20-595390,N,Y,34.0263112,-118.4922862
MLS Listing,,Condo/Co-op,1319 11th St #4,Santa Monica,CA,90401,549000,1,1.0,C14 - Santa Monica,541,7523,1958,32,1015,334,Active,,,http://www.redfin.com/CA/Santa-Monica/1319-11th-St-90401/unit-4/home/6774033,CRMLS,PW20123618,N,Y,34.0229264,-118.4893481
MLS Listing,,Single Family Residential,1767 Sunset Ave,Santa Monica,CA,90405,5995000,4,6.0,Santa Monica,5400,5729,2020,33,1110,,Active,,,http://www.redfin.com/CA/Santa-Monica/1767-Sunset-Ave-90405/home/6776041,TheMLS,20-595808,N,Y,34.0079301,-118.4619257
MLS Listing,,Multi-Family (5+ Unit),129 San Vicente Blvd,Santa Monica,CA,90402,25000000,48,33.0,Santa Monica,30140,47314,1949,33,829,,Active,,,http://www.redfin.com/CA/Santa-Monica/129-San-Vicente-Blvd-90402/home/6781472,TheMLS,20-596344,N,Y,34.027391,-118.5136203
MLS Listing,,Condo/Co-op,1118 3rd St #603,Santa Monica,CA,90403,1945000,2,1.75,Santa Monica,1585,30007,1982,33,1227,750,Active,,,http://www.redfin.com/CA/Santa-Monica/1118-3rd-St-90403/unit-603/home/6780827,TheMLS,20-596374,N,Y,34.0189178,-118.5004556
MLS Listing,,Multi-Family (5+ Unit),401-409 San Vicente Blvd,Santa Monica,CA,90402,8750000,20,17.0,Santa Monica,13999,15591,1953,33,625,,Active,,,http://www.redfin.com/CA/Santa-Monica/401-San-Vicente-Blvd-90402/home/6781358,TheMLS,20-596172,N,Y,34.0297628,-118.5109995
MLS Listing,,Condo/Co-op,2313 5th St #3,Santa Monica,CA,90405,1099000,3,1.75,Santa Monica,1181,28026,1966,34,931,432,Active,,,http://www.redfin.com/CA/Santa-Monica/2313-5th-St-90405/unit-3/home/6779324,TheMLS,20-583608,N,Y,34.0072235,-118.4826602
MLS Listing,,Multi-Family (2-4 Unit),1747 9th St,Santa Monica,CA,90404,1599900,4,3.0,Santa Monica,1460,7505,1925,34,1096,,Active,,,http://www.redfin.com/CA/Santa-Monica/1747-9th-St-90404/home/6774440,TheMLS,20-595004,N,Y,34.0150306,-118.4839813
MLS Listing,,Condo/Co-op,1217 20th St #303,Santa Monica,CA,90404,895000,2,2.0,Santa Monica,1021,7498,1974,34,877,350,Active,,,http://www.redfin.com/CA/Santa-Monica/1217-20th-St-90404/unit-303/home/6768155,TheMLS,20-594132,N,Y,34.0311661,-118.4824006
MLS Listing,,Single Family Residential,435 Marguerita Ave,Santa Monica,CA,90402,16995000,6,9.0,Santa Monica,6944,21284,1921,34,2447,,Active,,,http://www.redfin.com/CA/Santa-Monica/435-Marguerita-Ave-90402/home/8091637,TheMLS,20-595702,N,Y,34.0282601,-118.5074939
MLS Listing,,Single Family Residential,3129 Pearl St,Santa Monica,CA,90405,1680000,2,1.0,C14 - Santa Monica,1243,5254,1941,35,1352,,Active,,,http://www.redfin.com/CA/Santa-Monica/3129-Pearl-St-90405/home/6764850,CRMLS,WS20122091,N,Y,34.0238408,-118.454559
MLS Listing,,Townhouse,1111 10th St #105,Santa Monica,CA,90403,1495000,2,2.25,Santa Monica,1740,7515,2001,35,859,505,Active,,,http://www.redfin.com/CA/Santa-Monica/1111-10th-St-90403/unit-105/home/8101991,TheMLS,20-580204,N,Y,34.0249716,-118.4935789
MLS Listing,,Condo/Co-op,1028 19th St #5,Santa Monica,CA,90403,899000,2,1.5,Santa Monica,850,19858,1947,35,1058,361,Active,,,http://www.redfin.com/CA/Santa-Monica/1028-19th-St-90403/unit-5/home/6769615,TheMLS,20-593000,N,Y,34.0324541,-118.486784
MLS Listing,,Townhouse,1837 11th St #3,Santa Monica,CA,90404,1099000,2,2.25,Santa Monica,1334,7479,1979,36,824,400,Active,,,http://www.redfin.com/CA/Santa-Monica/1837-11th-St-90404/unit-3/home/6774599,TheMLS,20-591352,N,Y,34.0155346,-118.4806974
MLS Listing,,Townhouse,1333 18th St #3,Santa Monica,CA,90404,1095000,3,3.0,Santa Monica,1466,7479,1989,37,747,425,Active,,,http://www.redfin.com/CA/Santa-Monica/1333-18th-St-90404/unit-3/home/6768468,TheMLS,20-594282,N,Y,34.027994,-118.4823745
MLS Listing,,Condo/Co-op,2817 3rd St #4,Santa Monica,CA,90405,999000,2,2.0,Santa Monica,1060,,2020,37,942,354,Active,,,http://www.redfin.com/CA/Santa-Monica/2817-3rd-St-90405/unit-4/home/172237110,TheMLS,20-593966,N,Y,34.0011409,-118.479748
MLS Listing,,Condo/Co-op,1222 Princeton St #3,Santa Monica,CA,90404,639000,1,1.0,C14 - Santa Monica,829,19156,1956,38,771,221,Active,,,http://www.redfin.com/CA/Santa-Monica/1222-Princeton-St-90404/unit-3/home/6763135,CRMLS,SB20120351,N,Y,34.0360932,-118.4762358
MLS Listing,,Townhouse,843 15th St #3,Santa Monica,CA,90403,1650000,2,2.5,Santa Monica,1792,7489,1998,40,921,500,Active,,,http://www.redfin.com/CA/Santa-Monica/843-15th-St-90403/unit-3/home/6772290,TheMLS,20-593486,N,Y,34.0322745,-118.4929044
MLS Listing,,Condo/Co-op,2628 Kansas Ave #2,Santa Monica,CA,90404,797000,3,2.0,C14 - Santa Monica,1186,38811,1972,40,672,346,Active,,,http://www.redfin.com/CA/Santa-Monica/2628-Kansas-Ave-90404/unit-2/home/6767013,CRMLS,WS20111795,N,Y,34.024537,-118.4623638
MLS Listing,,Single Family Residential,1415 23rd St,Santa Monica,CA,90404,1300000,3,1.5,Santa Monica,828,1670,1913,40,1570,,Active,,,http://www.redfin.com/CA/Santa-Monica/1415-23rd-St-90404/home/6767527,TheMLS,20-593128,N,Y,34.030476,-118.4768958
MLS Listing,,Single Family Residential,631 15th St,Santa Monica,CA,90402,3595000,6,6.5,Santa Monica,4002,7499,2020,40,898,,Active,,,http://www.redfin.com/CA/Santa-Monica/631-15th-St-90402/home/6770979,TheMLS,20-593166,N,Y,34.034096,-118.4951482
MLS Listing,,Townhouse,718 Lincoln Blvd #3,Santa Monica,CA,90402,1975000,2,2.5,Santa Monica,1757,7506,1998,41,1124,225,Active,,,http://www.redfin.com/CA/Santa-Monica/718-Lincoln-Blvd-90402/unit-3/home/8102124,TheMLS,20-592330,N,Y,34.0278995,-118.5017475
MLS Listing,,Single Family Residential,622 25th St,Santa Monica,CA,90402,6599000,6,6.0,Santa Monica,6822,8713,2006,41,967,,Active,,,http://www.redfin.com/CA/Santa-Monica/622-25th-St-90402/home/6769839,TheMLS,20-592644,N,Y,34.0421399,-118.486703
MLS Listing,,Condo/Co-op,1755 Ocean Ave #709,Santa Monica,CA,90401,1250000,1,1.0,Santa Monica,924,,2014,41,1353,1543,Active,,,http://www.redfin.com/CA/Santa-Monica/1755-Ocean-Ave-90401/unit-709/home/62553003,TheMLS,20-592704,N,Y,34.0087273,-118.4911656
MLS Listing,,Townhouse,908 17th St #4,Santa Monica,CA,90403,1845000,2,2.5,Santa Monica,1961,14994,2008,42,941,649,Active,,,http://www.redfin.com/CA/Santa-Monica/908-17th-St-90403/unit-4/home/172097075,TheMLS,20-588870,N,Y,34.0327221,-118.4908067
MLS Listing,,Condo/Co-op,2311 Schader Dr #106,Santa Monica,CA,90404,1190000,2,3.0,C14 - Santa Monica,1650,12599,1993,43,721,500,Active,,,http://www.redfin.com/CA/Santa-Monica/2311-Schader-Dr-90404/unit-106/home/6767537,CRMLS,AR20116850,N,Y,34.030505,-118.4765999
MLS Listing,,Multi-Family (2-4 Unit),1738 9th St,Santa Monica,CA,90404,1999850,2,4.0,C14 - Santa Monica,2016,8179,1900,43,992,,Active,,,http://www.redfin.com/CA/Santa-Monica/1738-9th-St-90404/home/6774457,CRISNet,SR20116786,N,Y,34.014942,-118.4846331
MLS Listing,,Condo/Co-op,1544 7th St Unit 11A,Santa Monica,CA,90401,1300000,2,2.0,Santa Monica,1576,7474,2006,43,825,641,Active,,,http://www.redfin.com/CA/Santa-Monica/1544-7th-St-90401/unit-11A/home/12289117,TheMLS,20-584614,N,Y,34.0162284,-118.490023
MLS Listing,,Condo/Co-op,101 California Ave #102,Santa Monica,CA,90403,1545000,2,2.0,Santa Monica,1190,18745,1964,44,1298,1642,Active,,,http://www.redfin.com/CA/Santa-Monica/101-California-Ave-90403/unit-102/home/6781166,TheMLS,20-591072,N,Y,34.0186374,-118.5027525
MLS Listing,,Condo/Co-op,101 California Ave #506,Santa Monica,CA,90403,1599000,2,2.0,Santa Monica,1077,18745,1964,44,1485,1642,Active,,,http://www.redfin.com/CA/Santa-Monica/101-California-Ave-90403/unit-506/home/6781197,TheMLS,20-591158,N,Y,34.0186374,-118.5027525
MLS Listing,,Multi-Family (2-4 Unit),427 Hill St,Santa Monica,CA,90405,3500000,8,4.0,Santa Monica,3764,4798,1962,44,930,,Active,,,http://www.redfin.com/CA/Santa-Monica/427-Hill-St-90405/unit-3/home/6777483,TheMLS,20-591082,N,Y,34.0034422,-118.4796956
MLS Listing,,Townhouse,1133 24th St #10,Santa Monica,CA,90403,1199800,2,2.5,C14 - Santa Monica,1462,18334,1974,44,821,450,Active,,,http://www.redfin.com/CA/Santa-Monica/1133-24th-St-90403/unit-10/home/6767817,CRMLS,RS20115006,N,Y,34.0349008,-118.4804377
MLS Listing,,Single Family Residential,2340 30th St,Santa Monica,CA,90405,3750000,5,3.75,C14 - Santa Monica,3386,6014,2021,44,1108,,Active,,,http://www.redfin.com/CA/Santa-Monica/2340-30th-St-90405/home/6764769,CRMLS,NP20111741,N,Y,34.0235109,-118.4572454
MLS Listing,,Condo/Co-op,129 Alta #10,Santa Monica,CA,90401,2195000,2,2.5,Santa Monica,1550,,,44,1416,537,Active,,,http://www.redfin.com/CA/Santa-Monica/129-Alta-Ave-90402/unit-10/home/6781922,TheMLS,20-590942,N,Y,34.0248119,-118.5093006
MLS Listing,,Condo/Co-op,2940 Neilson Way #205,Santa Monica,CA,90405,1000000,1,1.5,Santa Monica,1105,134111,1980,45,905,1065,Active,,,http://www.redfin.com/CA/Santa-Monica/2940-Neilson-Way-90405/unit-205/home/6778752,TheMLS,20-590748,N,Y,33.9982654,-118.4816049
MLS Listing,,Multi-Family (2-4 Unit),2230 Delaware Ave,Santa Monica,CA,90404,1795000,4,3.0,Santa Monica,2396,5252,1951,46,749,,Active,,,http://www.redfin.com/CA/Santa-Monica/2230-Delaware-Ave-90404/unit-B/home/6767313,TheMLS,20-590568,N,Y,34.0238434,-118.4694479
MLS Listing,,Single Family Residential,2230 La Mesa Dr,Santa Monica,CA,90402,6895000,5,4.5,Santa Monica,4641,19775,1927,46,1486,,Active,,,http://www.redfin.com/CA/Santa-Monica/2230-La-Mesa-Dr-90402/home/6839376,TheMLS,20-590298,N,Y,34.0471761,-118.4954423
MLS Listing,,Condo/Co-op,831 14th St #2,Santa Monica,CA,90403,1975000,3,3.0,Santa Monica,2024,15007,1979,47,976,520,Active,,,http://www.redfin.com/CA/Santa-Monica/831-14th-St-90403/unit-2/home/6772307,TheMLS,20-590422,N,Y,34.0317485,-118.4941357
MLS Listing,,Townhouse,2620 Arizona Ave #1,Santa Monica,CA,90404,1118000,2,2.5,Santa Monica,1554,5318,1979,47,719,300,Active,,,http://www.redfin.com/CA/Santa-Monica/2620-Arizona-Ave-90404/unit-1/home/6763178,TheMLS,20-590104,N,Y,34.034893,-118.4751475
MLS Listing,,Condo/Co-op,515 Ocean Ave #603,Santa Monica,CA,90402,2149000,2,2.0,Santa Monica,1490,67408,1976,48,1442,1314,Active,,,http://www.redfin.com/CA/Santa-Monica/515-Ocean-Ave-90402/unit-603/home/6781841,TheMLS,20-589822,N,Y,34.0247125,-118.5101948
MLS Listing,,Condo/Co-op,1228 14th St #202,Santa Monica,CA,90404,665000,1,1.0,Santa Monica,798,14989,1971,49,833,258,Active,,,http://www.redfin.com/CA/Santa-Monica/1228-14th-St-90404/unit-202/home/6773724,TheMLS,20-588722,N,Y,34.0259767,-118.4884455
MLS Listing,,Single Family Residential,433 20th St,Santa Monica,CA,90402,6695000,6,7.5,Santa Monica,7836,8947,2008,49,854,,Active,,,http://www.redfin.com/CA/Santa-Monica/433-20th-St-90402/home/6770418,TheMLS,20-587316,N,Y,34.040449,-118.4938867
MLS Listing,,Single Family Residential,102 Ocean Way,Santa Monica,CA,90402,12000000,6,6.25,Santa Monica,5198,29000,1923,51,2309,,Active,,,http://www.redfin.com/CA/Santa-Monica/102-Ocean-Way-90402/home/6840364,TheMLS,20-586602,N,Y,34.0275257,-118.5170724
MLS Listing,,Condo/Co-op,1133 5th St #401,Santa Monica,CA,90403,1625000,2,2.5,C14 - Santa Monica,1682,14996,1985,51,966,569,Active,,,http://www.redfin.com/CA/Santa-Monica/1133-5th-St-90403/unit-401/home/6780539,CRMLS,PW20109908,N,Y,34.0206951,-118.4977901
MLS Listing,,Townhouse,910 19th St #3,Santa Monica,CA,90403,1490000,2,2.5,C14 - Santa Monica,1491,16020,1976,51,999,359,Active,,,http://www.redfin.com/CA/Santa-Monica/910-19th-St-90403/unit-3/home/6768918,CRMLS,NP20110171,N,Y,34.0342063,-118.4888334
MLS Listing,,Condo/Co-op,446 San Vicente #101,Santa Monica,CA,90402,1299000,2,2.0,Santa Monica,1447,15543,1962,51,898,624,Active,,,http://www.redfin.com/CA/Santa-Monica/446-San-Vicente-Blvd-90402/unit-101/home/6781651,TheMLS,20-588176,N,Y,34.029955,-118.5093659
MLS Listing,,Condo/Co-op,1252 11th St #105,Santa Monica,CA,90401,950000,4,2.0,C14 - Santa Monica,1427,,1973,51,666,506,Active,,,http://www.redfin.com/CA/Santa-Monica/1252-11th-St-90401/unit-105/home/6773861,CRMLS,SB20104484,N,Y,34.0230847,-118.4905894
MLS Listing,,Condo/Co-op,1033 N Ocean Ave #403,Santa Monica,CA,90403,2950000,2,2.0,Santa Monica,1620,14986,1981,54,1821,925,Active,,,http://www.redfin.com/CA/Santa-Monica/1033-Ocean-Ave-90403/unit-403/home/6781288,TheMLS,20-587104,N,Y,34.0190064,-118.5031842
MLS Listing,,Condo/Co-op,201 Ocean Ave Unit 1404P,Santa Monica,CA,90402,1650000,3,3.0,Santa Monica,1554,38608,1971,54,1062,3486,Active,,,http://www.redfin.com/CA/Santa-Monica/201-Ocean-Ave-90402/unit-1404P/home/17243710,TheMLS,20-586992,N,Y,34.0270978,-118.5143597
MLS Listing,,Condo/Co-op,201 Ocean Ave Unit 804B,Santa Monica,CA,90402,1550000,3,3.0,Santa Monica,1554,57915,1971,54,997,3439,Active,,,http://www.redfin.com/CA/Santa-Monica/201-Ocean-Ave-90402/unit-804B/home/17243763,TheMLS,20-586996,N,Y,34.0270978,-118.5143597
MLS Listing,,Townhouse,1927 18th St Unit C,Santa Monica,CA,90404,2095000,3,4.5,Santa Monica,2915,7840,2020,55,719,341,Active,,,http://www.redfin.com/CA/Santa-Monica/1927-18th-St-90404/unit-C/home/171979608,TheMLS,20-577790,N,Y,34.0200617,-118.4730292
MLS Listing,,Condo/Co-op,101 California Ave #1103,Santa Monica,CA,90403,1059000,1,1.0,Santa Monica,674,18745,1964,55,1571,1020,Active,,,http://www.redfin.com/CA/Santa-Monica/101-California-Ave-90403/unit-1103/home/6781236,TheMLS,20-586522,N,Y,34.0186374,-118.5027525
MLS Listing,,Condo/Co-op,3101 3rd St #2,Santa Monica,CA,90405,679000,1,1.0,Santa Monica,498,7747,1956,55,1363,250,Active,,,http://www.redfin.com/CA/Santa-Monica/3101-3rd-St-90405/unit-2/home/6778480,TheMLS,20-585866,N,Y,33.9991748,-118.4777728
MLS Listing,,Townhouse,2630 11th St #6,Santa Monica,CA,90405,1589999,3,2.5,699 - Not Defined,1989,9993,1980,58,799,,Active,,,http://www.redfin.com/CA/Santa-Monica/2630-11th-St-90405/unit-6/home/6775585,CRMLS,MB20102540,N,Y,34.0074931,-118.4733848
MLS Listing,,Single Family Residential,713 14th St,Santa Monica,CA,90402,2800000,2,1.0,Santa Monica,1250,7541,1927,58,2240,,Active,,,http://www.redfin.com/CA/Santa-Monica/713-14th-St-90402/home/6771193,TheMLS,20-585172,N,Y,34.0330638,-118.4957326
MLS Listing,,Single Family Residential,1951 18th St,Santa Monica,CA,90404,1850000,5,2.0,Santa Monica,1182,8008,1939,58,1565,,Active,,,http://www.redfin.com/CA/Santa-Monica/1951-18th-St-90404/home/6767183,TheMLS,20-584672,N,Y,34.0195505,-118.4726911
MLS Listing,,Single Family Residential,3117 Virginia Ave,Santa Monica,CA,90404,1850000,5,5.0,Santa Monica,2600,6483,1938,58,712,,Active,,,http://www.redfin.com/CA/Santa-Monica/3117-Virginia-Ave-90404/home/6764500,TheMLS,20-583102,N,Y,34.0279278,-118.4581327
MLS Listing,,Condo/Co-op,1755 Ocean Ave #309,Santa Monica,CA,90401,1248000,1,1.0,Santa Monica,,,,58,,1472,Active,,,http://www.redfin.com/CA/Santa-Monica/1755-Ocean-Ave-90401/unit-309/home/62170639,TheMLS,20-583728,N,Y,34.0087273,-118.4911656
MLS Listing,,Condo/Co-op,2221 Ocean Ave #102,Santa Monica,CA,90405,859000,1,1.0,Santa Monica,865,10396,1973,58,993,552,Active,,,http://www.redfin.com/CA/Santa-Monica/2221-Ocean-Ave-90405/unit-102/home/6779794,TheMLS,20-582552,N,Y,34.0041759,-118.4881301
MLS Listing,,Condo/Co-op,610 Strand St #15,Santa Monica,CA,90405,1195000,2,2.0,Santa Monica,1247,19063,1963,62,958,286,Active,,,http://www.redfin.com/CA/Santa-Monica/610-Strand-St-90405/unit-15/home/6779233,TheMLS,20-584074,N,Y,34.0080613,-118.4822778
MLS Listing,,Condo/Co-op,2222 6th St Unit B,Santa Monica,CA,90405,1425000,2,2.0,Santa Monica,1117,5598,1991,62,1276,150,Active,,,http://www.redfin.com/CA/Santa-Monica/2222-6th-St-90405/unit-B/home/6779387,TheMLS,20-583546,N,Y,34.00815,-118.483224
MLS Listing,,Multi-Family (5+ Unit),1326 Yale St #1,Santa Monica,CA,90404,2795000,13,9.0,Santa Monica,6243,7487,1962,62,448,,Active,,,http://www.redfin.com/CA/Santa-Monica/1326-Yale-St-90404/unit-1/home/6763254,TheMLS,20-583018,N,Y,34.0362131,-118.4727957
MLS Listing,,Townhouse,1925 Montana Ave #2,Santa Monica,CA,90403,1595000,2,2.0,Santa Monica,1429,8942,1962,63,1116,300,Active,,,http://www.redfin.com/CA/Santa-Monica/1925-Montana-Ave-90403/unit-2/home/6770486,TheMLS,20-583500,N,Y,34.0365185,-118.490199
MLS Listing,,Condo/Co-op,20 Ocean Park #9,Santa Monica,CA,90405,3795000,4,4.5,Santa Monica,3243,196170,1987,63,1170,1413,Active,,,http://www.redfin.com/CA/Santa-Monica/20-Ocean-Park-Blvd-90405/unit-9/home/6778855,TheMLS,20-581920,N,Y,34.0008926,-118.4846748
MLS Listing,,Condo/Co-op,757 Ocean Ave #209,Santa Monica,CA,90402,859900,1,1.0,Santa Monica,738,22362,1958,63,1165,634,Active,,,http://www.redfin.com/CA/Santa-Monica/757-Ocean-Ave-90402/unit-209/home/6782256,TheMLS,20-582924,N,Y,34.0226852,-118.5074009
MLS Listing,,Condo/Co-op,425 Marine St #2,Santa Monica,CA,90405,1699000,2,2.5,Santa Monica,1402,7497,1975,63,1212,600,Active,,,http://www.redfin.com/CA/Santa-Monica/425-Marine-St-90405/unit-2/home/6778145,TheMLS,20-580322,N,Y,34.0004396,-118.4767316
MLS Listing,,Multi-Family (5+ Unit),1245 10th St,Santa Monica,CA,90401,5050000,14,11.0,Santa Monica,7512,7517,1960,63,672,,Active,,,http://www.redfin.com/CA/Santa-Monica/1245-10th-St-90401/home/6773816,TheMLS,20-582748,N,Y,34.0229967,-118.4912812
MLS Listing,,Condo/Co-op,1252 11th St #206,Santa Monica,CA,90401,860000,2,2.0,C14 - Santa Monica,1101,14996,1973,64,781,440,Active,,,http://www.redfin.com/CA/Santa-Monica/1252-11th-St-90401/unit-206/home/6773869,i-Tech MLS,320001681,N,Y,34.0230847,-118.4905894
MLS Listing,,Single Family Residential,915 Centinela Ave,Santa Monica,CA,90403,4599000,4,5.0,Santa Monica,4400,7397,1964,64,1045,,Active,,,http://www.redfin.com/CA/Santa-Monica/915-Centinela-Ave-90403/home/6760533,TheMLS,20-561944,N,Y,34.0453269,-118.4757438
MLS Listing,,Single Family Residential,1011 Pier Ave,Santa Monica,CA,90405,2599000,3,3.0,Santa Monica,2604,4781,1927,67,998,,Active,,,http://www.redfin.com/CA/Santa-Monica/1011-Pier-Ave-90405/home/6776302,TheMLS,20-582328,N,Y,34.0047339,-118.4708622
MLS Listing,,Single Family Residential,121 Esparta Way,Santa Monica,CA,90402,13995000,6,6.5,Santa Monica,8432,12190,2019,68,1660,,Active,,,http://www.redfin.com/CA/Santa-Monica/121-Esparta-Way-90402/home/6771224,TheMLS,20-582150,N,Y,34.0382609,-118.5068692
MLS Listing,,Single Family Residential,615 25th St,Santa Monica,CA,90402,8795000,5,5.75,Santa Monica,7326,8689,2019,68,1201,,Active,,,http://www.redfin.com/CA/Santa-Monica/615-25th-St-90402/home/6769716,TheMLS,20-582124,N,Y,34.042602,-118.4863825
MLS Listing,,Condo/Co-op,1040 4th St #405,Santa Monica,CA,90403,3375000,3,3.0,Santa Monica,2243,30025,1990,68,1505,824,Active,,,http://www.redfin.com/CA/Santa-Monica/1040-4th-St-90403/unit-405/home/6780763,TheMLS,20-581832,N,Y,34.020767,-118.5007761
MLS Listing,,Condo/Co-op,2621 Centinela Ave #18,Santa Monica,CA,90405,699000,2,2.0,C14 - Santa Monica,927,17455,1958,69,754,363,Active,,,http://www.redfin.com/CA/Santa-Monica/2621-S-Centinela-Ave-90405/unit-18/home/6765419,i-Tech MLS,320001652,N,Y,34.0247602,-118.4507933
MLS Listing,,Condo/Co-op,222 7th St #114,Santa Monica,CA,90402,1399000,2,2.0,Santa Monica,1294,25054,1974,69,1081,510,Active,,,http://www.redfin.com/CA/Santa-Monica/222-7th-St-90402/unit-114/home/6781372,TheMLS,20-579822,N,Y,34.0322248,-118.5084783
MLS Listing,,Vacant Land,638 11th St,Santa Monica,CA,90402,3850000,,,Santa Monica,,7507,,71,,,Active,,,http://www.redfin.com/CA/Santa-Monica/638-11th-St-90402/home/6771847,TheMLS,20-572966,N,Y,34.030603,-118.499376
MLS Listing,,Single Family Residential,628 20th St,Santa Monica,CA,90402,8999000,7,9.0,Santa Monica,8237,8943,2020,72,1093,,Active,,,http://www.redfin.com/CA/Santa-Monica/628-20th-St-90402/home/6770493,TheMLS,20-579384,N,Y,34.0378695,-118.4917134
MLS Listing,,Single Family Residential,2017 Centinela Ave,Santa Monica,CA,90404,2988800,3,1.0,C14 - Santa Monica,1212,5871,1951,74,2466,,Active,,,http://www.redfin.com/CA/Santa-Monica/2017-S-Centinela-Ave-90404/home/6764529,CRMLS,CV20085739,N,Y,34.0294373,-118.4565814
MLS Listing,,Condo/Co-op,2021 California Ave #2,Santa Monica,CA,90403,1095000,2,2.0,Santa Monica,1364,27504,1958,75,803,450,Active,,,http://www.redfin.com/CA/Santa-Monica/2021-California-Ave-90403/unit-2/home/6769450,TheMLS,20-557966,N,Y,34.0335464,-118.4843762
MLS Listing,,Condo/Co-op,1751 Centinela Ave #4,Santa Monica,CA,90404,674900,2,1.0,Santa Monica,765,6013,1961,75,882,243,Active,,,http://www.redfin.com/CA/Santa-Monica/1751-Centinela-Ave-90404/unit-4/home/6764351,TheMLS,20-579292,N,Y,34.033331,-118.4620787
MLS Listing,,Townhouse,128 Georgina Ave #4,Santa Monica,CA,90402,2499000,2,2.25,Santa Monica,2323,22519,1989,75,1076,600,Active,,,http://www.redfin.com/CA/Santa-Monica/128-Georgina-Ave-90402/unit-4/home/6781777,TheMLS,20-574646,N,Y,34.0259966,-118.5113909
MLS Listing,,Single Family Residential,2036 Yorkshire Ave,Santa Monica,CA,90404,2875000,4,4.5,Santa Monica,3287,6134,2020,75,875,,Active,,,http://www.redfin.com/CA/Santa-Monica/2036-Yorkshire-Ave-90404/home/6767397,TheMLS,20-578522,N,Y,34.0260794,-118.4615091
MLS Listing,,Single Family Residential,107 Foxtail Dr,Santa Monica,CA,90402,3995000,4,3.0,Santa Monica,2655,8711,1961,76,1505,,Active,,,http://www.redfin.com/CA/Santa-Monica/107-Foxtail-Dr-90402/home/6771250,TheMLS,20-577796,N,Y,34.0369116,-118.5069465
MLS Listing,,Multi-Family (2-4 Unit),752 Pier Ave,Santa Monica,CA,90405,1795000,2,2.0,Santa Monica,2060,5031,1925,77,871,,Active,,,http://www.redfin.com/CA/Santa-Monica/752-Pier-Ave-90405/home/6778225,TheMLS,20-578556,N,Y,34.0038007,-118.472824
MLS Listing,,Multi-Family (5+ Unit),1015 18th St,Santa Monica,CA,90403,4795000,12,12.5,Santa Monica,8998,8815,1968,77,533,,Active,,,http://www.redfin.com/CA/Santa-Monica/1015-18th-St-90403/home/6769553,TheMLS,20-578542,N,Y,34.032439,-118.4875441
MLS Listing,,Condo/Co-op,2023 Cloverfield Unit E,Santa Monica,CA,90404,549000,1,1.0,Santa Monica,459,22345,1947,77,1196,285,Active,,,http://www.redfin.com/CA/Santa-Monica/2023-Cloverfield-Blvd-90404/unit-E/home/6766923,TheMLS,20-576664,N,Y,34.022679,-118.4667702
MLS Listing,,Single Family Residential,718 Euclid St,Santa Monica,CA,90402,3390000,6,3.5,Santa Monica,3129,7494,1940,77,1083,,Active,,,http://www.redfin.com/CA/Santa-Monica/718-Euclid-St-90402/home/6771907,TheMLS,20-577890,N,Y,34.0317823,-118.4970301
MLS Listing,,Townhouse,2615 6th St Unit H,Santa Monica,CA,90405,1098000,2,1.5,Santa Monica,1100,12000,1976,78,998,400,Active,,,http://www.redfin.com/CA/Santa-Monica/2615-6th-St-90405/unit-H/home/22036470,TheMLS,20-578174,N,Y,34.0049905,-118.4787645
MLS Listing,,Condo/Co-op,1021 5th St #205,Santa Monica,CA,90403,775000,1,1.0,Santa Monica,733,15010,1971,79,1057,281,Active,,,http://www.redfin.com/CA/Santa-Monica/1021-5th-St-90403/unit-205/home/6780513,TheMLS,20-578018,N,Y,34.0222701,-118.4996318
MLS Listing,,Single Family Residential,1333 Palisades Beach Rd,Santa Monica,CA,90401,7395000,5,4.5,Santa Monica,3363,2536,,79,2199,,Active,,,http://www.redfin.com/CA/Santa-Monica/1333-Palisades-Beach-Rd-90401/home/17243698,TheMLS,20-577802,N,Y,34.0140784,-118.4996368
MLS Listing,,Condo/Co-op,1127 10th St #304,Santa Monica,CA,90403,1095000,3,1.75,Santa Monica,1307,7509,1971,82,838,426,Active,,,http://www.redfin.com/CA/Santa-Monica/1127-10th-St-90403/unit-304/home/6773224,TheMLS,20-572258,N,Y,34.0246765,-118.4932332
MLS Listing,,Condo/Co-op,1755 Ocean Ave #512,Santa Monica,CA,90401,2200000,2,1.75,Santa Monica,,,2014,83,,1662,Active,,,http://www.redfin.com/CA/Santa-Monica/1755-Ocean-Ave-90401/unit-512/home/55581534,TheMLS,20-576622,N,Y,34.0089422,-118.4913586
MLS Listing,,Townhouse,831 Pacific St #4,Santa Monica,CA,90405,1110000,2,1.75,Santa Monica,1502,6874,1981,84,739,350,Active,,,http://www.redfin.com/CA/Santa-Monica/831-Pacific-St-90405/unit-4/home/6774807,TheMLS,20-576512,N,Y,34.0109738,-118.4797316
MLS Listing,,Single Family Residential,528 21st St,Santa Monica,CA,90402,8000000,6,5.0,Santa Monica,6970,8956,2020,84,1148,,Active,,,http://www.redfin.com/CA/Santa-Monica/528-21st-St-90402/home/6770433,TheMLS,20-571852,N,Y,34.0392564,-118.4916801
MLS Listing,,Condo/Co-op,833 Ocean Ave #102,Santa Monica,CA,90403,1950000,2,2.0,Santa Monica,1126,14990,1976,86,1732,850,Active,,,http://www.redfin.com/CA/Santa-Monica/833-Ocean-Ave-90403/unit-102/home/6781046,TheMLS,20-575858,N,Y,34.0216832,-118.5063155
MLS Listing,,Single Family Residential,12743 Dewey St,Los Angeles,CA,90066,3388000,6,5.0,Palms - Mar Vista,3900,6106,2005,86,869,,Active,,,http://www.redfin.com/CA/Los-Angeles/12743-Dewey-St-90066/home/6747521,VCRDS,220004475,N,Y,34.0132206,-118.4495817
MLS Listing,,Single Family Residential,734 24th St,Santa Monica,CA,90402,6150000,5,5.5,Santa Monica,6430,8718,1992,90,956,,Active,,,http://www.redfin.com/CA/Santa-Monica/734-24th-St-90402/home/6769881,TheMLS,20-574742,N,Y,34.0403864,-118.4862869
MLS Listing,,Single Family Residential,257 Entrada Dr,Santa Monica,CA,90402,2250000,3,3.0,Santa Monica,1863,1895,1921,91,1208,,Active,,,http://www.redfin.com/CA/Santa-Monica/257-Entrada-Dr-90402/home/6840392,TheMLS,20-562442,N,Y,34.0295739,-118.515975
MLS Listing,,Condo/Co-op,1010 19th St #10,Santa Monica,CA,90403,925000,2,1.5,Santa Monica,1069,19845,1963,93,865,537,Active,,,http://www.redfin.com/CA/Santa-Monica/1010-19th-St-90403/unit-10/home/6769578,TheMLS,20-573160,N,Y,34.0329422,-118.487355
MLS Listing,,Condo/Co-op,2329 Kansas Ave #2,Santa Monica,CA,90404,569000,1,1.0,Santa Monica,650,39939,1958,97,875,380,Active,,,http://www.redfin.com/CA/Santa-Monica/2329-Kansas-Ave-90404/unit-2/home/6766962,TheMLS,20-569766,N,Y,34.0228978,-118.466008
MLS Listing,,Townhouse,129 Alta Ave #14,Santa Monica,CA,90402,2295000,2,1.75,Santa Monica,1835,24949,1976,97,1251,725,Active,,,http://www.redfin.com/CA/Santa-Monica/129-Alta-Ave-90402/unit-14/home/6781926,TheMLS,20-573082,N,Y,34.0248119,-118.5093006
MLS Listing,,Multi-Family (5+ Unit),1824 Michigan Ave,Santa Monica,CA,90404,2905000,12,8.5,Santa Monica,5160,16009,1922,97,563,,Active,,,http://www.redfin.com/CA/Santa-Monica/1824-Michigan-Ave-90404/home/6767088,TheMLS,20-573026,N,Y,34.0218739,-118.474415
MLS Listing,,Single Family Residential,844 Berkeley St,Santa Monica,CA,90403,5895000,5,6.5,Santa Monica,,9809,2004,98,,,Active,,,http://www.redfin.com/CA/Santa-Monica/844-Berkeley-St-90403/home/6762339,TheMLS,20-572866,N,Y,34.0437022,-118.4780706
MLS Listing,,Condo/Co-op,2950 Neilson Way #601,Santa Monica,CA,90405,2590000,2,2.0,Santa Monica,1611,134111,1980,99,1608,1065,Active,,,http://www.redfin.com/CA/Santa-Monica/2950-Neilson-Way-90405/unit-601/home/6778742,TheMLS,20-572256,N,Y,33.9982654,-118.4816049
MLS Listing,,Condo/Co-op,1705 Ocean #505,Santa Monica,CA,90401,2299999,2,2.0,Santa Monica,1243,,2014,105,1850,1554,Active,,,http://www.redfin.com/CA/Santa-Monica/1705-Ocean-Ave-90401/unit-505/home/52822424,TheMLS,20-571328,N,Y,34.0097742,-118.4926885
MLS Listing,,Single Family Residential,647 Navy St,Santa Monica,CA,90405,1095000,3,3.0,Santa Monica,2000,2000,,106,548,,Active,,,http://www.redfin.com/CA/Santa-Monica/647-Navy-St-90405/home/171334334,TheMLS,20-560256,N,Y,34.0015532,-118.4740134
MLS Listing,,Townhouse,2203 3rd St #11,Santa Monica,CA,90405,2380000,2,2.5,Santa Monica,1903,22504,1999,111,1251,725,Active,,,http://www.redfin.com/CA/Santa-Monica/2203-3rd-St-90405/unit-11/home/8102080,TheMLS,20-570148,N,Y,34.0066461,-118.4853168
MLS Listing,,Condo/Co-op,515 Ocean Ave Unit 405-N,Santa Monica,CA,90402,1850000,2,2.0,Santa Monica,1490,67408,1976,111,1242,1319,Active,,,http://www.redfin.com/CA/Santa-Monica/515-Ocean-Ave-90402/unit-405N/home/143172595,TheMLS,20-569772,N,Y,34.0243812,-118.5100053
MLS Listing,,Multi-Family (2-4 Unit),2502 5th St,Santa Monica,CA,90405,2800000,6,5.0,Santa Monica,2725,6019,1962,114,1028,,Active,,,http://www.redfin.com/CA/Santa-Monica/2502-5th-St-90405/home/6777288,TheMLS,20-569432,N,Y,34.0053486,-118.481899
MLS Listing,,Condo/Co-op,930 California Ave #301,Santa Monica,CA,90403,1200000,2,2.0,Santa Monica,1476,15005,1974,115,813,600,Active,,,http://www.redfin.com/CA/Santa-Monica/930-California-Ave-90403/unit-301/home/6773284,TheMLS,20-569166,N,Y,34.0246785,-118.4942954
MLS Listing,,Townhouse,1115 19th St #3,Santa Monica,CA,90403,1495000,3,2.5,C14 - Santa Monica,1582,18007,1974,117,945,701,Active,,,http://www.redfin.com/CA/Santa-Monica/1115-19th-St-90403/unit-3/home/6767978,CRISNet,SR20044967,N,Y,34.0318196,-118.4850272
MLS Listing,,Single Family Residential,159 Fraser Ave,Santa Monica,CA,90405,3349000,5,4.0,Santa Monica,2820,3325,1905,121,1188,,Active,,,http://www.redfin.com/CA/Santa-Monica/159-Fraser-Ave-90405/home/6778612,TheMLS,20-567632,N,Y,34.002455,-118.48529
MLS Listing,,Single Family Residential,2455 23rd St,Santa Monica,CA,90405,2266000,3,2.0,Santa Monica,,7282,1937,127,,,Active,,,http://www.redfin.com/CA/Santa-Monica/2455-23rd-St-90405/home/6766542,TheMLS,20-561860,N,Y,34.0167351,-118.4625986
MLS Listing,,Condo/Co-op,1048 3rd St #101,Santa Monica,CA,90403,2198000,3,3.25,Santa Monica,1930,7506,2002,127,1139,1034,Active,,,http://www.redfin.com/CA/Santa-Monica/1048-3rd-St-90403/unit-101/home/8128528,TheMLS,20-566134,N,Y,34.0198528,-118.5015492
MLS Listing,,Condo/Co-op,270 Palisades Beach Rd #101,Santa Monica,CA,90402,2499000,3,3.5,Santa Monica,2088,17124,1995,128,1197,1062,Active,,,http://www.redfin.com/CA/Santa-Monica/270-Palisades-Beach-Rd-90402/unit-101/home/6782460,TheMLS,20-565510,N,Y,34.0250961,-118.5143685
MLS Listing,,Townhouse,1024 12th St #1,Santa Monica,CA,90403,1650000,2,2.5,Santa Monica,1830,7487,1981,128,902,525,Active,,,http://www.redfin.com/CA/Santa-Monica/1024-12th-St-90403/unit-1/home/6772920,TheMLS,20-565452,N,Y,34.0272453,-118.493613
MLS Listing,,Townhouse,833 Ocean Ave #304,Santa Monica,CA,90403,1800000,2,2.0,Santa Monica,1477,14990,1976,129,1219,1100,Active,,,http://www.redfin.com/CA/Santa-Monica/833-Ocean-Ave-90403/unit-304/home/6781060,TheMLS,20-566068,N,Y,34.0216832,-118.5063155
MLS Listing,,Multi-Family (2-4 Unit),3028 Colorado Ave,Santa Monica,CA,90404,1790000,5,4.0,C14 - Santa Monica,2116,5970,1940,139,846,,Active,,,http://www.redfin.com/CA/Santa-Monica/3028-Colorado-Ave-90404/home/6764220,CRMLS,WS20055198,N,Y,34.0343625,-118.4662031
MLS Listing,,Condo/Co-op,1048 10th St #102,Santa Monica,CA,90403,2099000,3,2.5,Santa Monica,1622,7497,2011,139,1294,567,Active,,,http://www.redfin.com/CA/Santa-Monica/1048-10th-St-90403/unit-102/home/40488437,TheMLS,20-562280,N,Y,34.0252197,-118.4949287
MLS Listing,,Condo/Co-op,201 Ocean Ave Unit 301P,Santa Monica,CA,90402,1395000,2,1.75,Santa Monica,1262,38608,1971,144,1105,3248,Active,,,http://www.redfin.com/CA/Santa-Monica/201-Ocean-Ave-90402/unit-301P/home/17243723,TheMLS,20-561470,N,Y,34.0270978,-118.5143597
MLS Listing,,Single Family Residential,827 22nd St,Santa Monica,CA,90403,3295000,4,2.75,Santa Monica,1966,8007,1967,148,1676,,Active,,,http://www.redfin.com/CA/Santa-Monica/827-22nd-St-90403/home/6768567,TheMLS,20-557802,N,Y,34.0378956,-118.4867053
MLS Listing,,Multi-Family (5+ Unit),1311 Euclid St,Santa Monica,CA,90404,6550000,17,17.0,Santa Monica,10384,7492,1968,149,631,,Active,,,http://www.redfin.com/CA/Santa-Monica/1311-Euclid-St-90404/home/6774073,TheMLS,20-559628,N,Y,34.0244983,-118.4876624
MLS Listing,,Single Family Residential,625 California Ave,Santa Monica,CA,90403,2995000,3,2.0,Santa Monica,1858,4989,1909,152,1612,,Active,,,http://www.redfin.com/CA/Santa-Monica/625-California-Ave-90403/home/6780098,TheMLS,20-553068,N,Y,34.022763,-118.4975912
MLS Listing,,Multi-Family (5+ Unit),410 California Ave,Santa Monica,CA,90403,2599000,5,7.0,C14 - Santa Monica,4151,5015,1951,152,626,,Active,,,http://www.redfin.com/CA/Santa-Monica/410-California-Ave-90403/home/6780553,CRMLS,SB20043826,N,Y,34.0205258,-118.4994375
MLS Listing,,Condo/Co-op,535 Ocean Ave Unit 3B,Santa Monica,CA,90402,3900000,3,2.0,Santa Monica,1781,22462,1963,152,2190,2010,Active,,,http://www.redfin.com/CA/Santa-Monica/535-Ocean-Ave-90402/unit-3B/home/6781935,TheMLS,20-558628,N,Y,34.0242852,-118.5097061
MLS Listing,,Condo/Co-op,201 Ocean Ave Unit 509B,Santa Monica,CA,90402,1799000,3,2.25,Santa Monica,1562,57915,1971,152,1152,4010,Active,,,http://www.redfin.com/CA/Santa-Monica/201-Ocean-Ave-90402/unit-509B/home/17243900,TheMLS,20-557814,N,Y,34.0270978,-118.5143597
MLS Listing,,Multi-Family (2-4 Unit),2503 20th St,Santa Monica,CA,90405,1938000,5,4.0,Santa Monica,2855,6753,1936,167,679,,Active,,,http://www.redfin.com/CA/Santa-Monica/2503-20th-St-90405/home/6766726,TheMLS,20-553940,N,Y,34.0146569,-118.4651135
MLS Listing,,Townhouse,323 San Vicente #9,Santa Monica,CA,90402,1525000,2,2.5,Santa Monica,1830,44421,1977,167,833,750,Active,,,http://www.redfin.com/CA/Santa-Monica/323-San-Vicente-Blvd-90402/unit-9/home/6781460,TheMLS,20-553858,N,Y,34.0292139,-118.5117291
MLS Listing,,Single Family Residential,510 16th St,Santa Monica,CA,90402,7295000,6,6.0,Santa Monica,6150,7481,,167,1186,,Active,,,http://www.redfin.com/CA/Santa-Monica/510-16th-St-90402/home/6770997,TheMLS,20-551082,N,Y,34.0360964,-118.4965263
MLS Listing,,Multi-Family (2-4 Unit),920 Marine St,Santa Monica,CA,90405,2045000,10,6.0,C14 - Santa Monica,3930,5681,1967,173,520,,Active,,,http://www.redfin.com/CA/Santa-Monica/920-Marine-St-90405/home/6776535,CRISNet,SR20028348,N,Y,34.003346,-118.4704972
MLS Listing,,Condo/Co-op,1705 Ocean Ave #414,Santa Monica,CA,90401,3495000,2,2.5,Santa Monica,1609,,,173,2172,1598,Active,,,http://www.redfin.com/CA/Santa-Monica/1705-Ocean-Ave-90401/unit-414/home/51581993,TheMLS,20-551716,N,Y,34.0097742,-118.4926885
MLS Listing,,Multi-Family (5+ Unit),1528 11th St,Santa Monica,CA,90401,3100000,12,7.0,C14 - Santa Monica,6414,7489,1962,176,483,,Active,,,http://www.redfin.com/CA/Santa-Monica/1528-11th-St-90401/unit-A/home/6774266,CRMLS,PW20025764,N,Y,34.019629,-118.4865273
MLS Listing,,Multi-Family (2-4 Unit),2708 2nd St,Santa Monica,CA,90405,3995000,4,5.0,Santa Monica,1351,10035,1931,176,2957,,Active,,,http://www.redfin.com/CA/Santa-Monica/2708-2nd-St-90405/home/6778508,TheMLS,20-550538,N,Y,34.001094,-118.481846
MLS Listing,,Multi-Family (5+ Unit),1012 Hill St,Santa Monica,CA,90405,3498000,12,9.0,Santa Monica,6512,8291,1964,178,537,,Active,,,http://www.redfin.com/CA/Santa-Monica/1012-Hill-St-90405/home/6775844,TheMLS,20-549816,N,Y,34.006307,-118.472981
MLS Listing,,Condo/Co-op,201 Ocean Ave Unit 409B,Santa Monica,CA,90402,2600000,3,3.0,Santa Monica,1562,57915,1971,181,1665,3594,Active,,,http://www.redfin.com/CA/Santa-Monica/201-Ocean-Ave-90402/unit-409B/home/17243677,TheMLS,20-549148,N,Y,34.0270978,-118.5143597
MLS Listing,,Multi-Family (5+ Unit),1502 Maple St,Santa Monica,CA,90405,3595000,8,10.0,Santa Monica,4718,12557,1939,182,762,,Active,,,http://www.redfin.com/CA/Santa-Monica/1502-Maple-St-90405/home/6775289,TheMLS,20-548546,N,Y,34.011544,-118.469816
MLS Listing,,Single Family Residential,444 10th St,Santa Monica,CA,90402,8995000,6,7.0,Santa Monica,8329,11261,2012,188,1080,,Active,,,http://www.redfin.com/CA/Santa-Monica/444-10th-St-90402/home/6771556,TheMLS,20-546596,N,Y,34.0323352,-118.5031377
MLS Listing,,Condo/Co-op,1012 2nd St #2,Santa Monica,CA,90403,3599000,3,3.5,Santa Monica,2907,7510,2016,197,1238,994,Active,,,http://www.redfin.com/CA/Santa-Monica/1012-2nd-St-90403/unit-2/home/105526000,TheMLS,20-543864,N,Y,34.0197751,-118.5033006
MLS Listing,,Condo/Co-op,701 Ocean Ave #103,Santa Monica,CA,90402,4395000,2,2.0,Santa Monica,1848,41940,1993,197,2378,1800,Active,,,http://www.redfin.com/CA/Santa-Monica/701-Ocean-Ave-90402/unit-103/home/6782367,TheMLS,20-543772,N,Y,34.0230246,-118.5077981
MLS Listing,,Single Family Residential,127 Hollister Ave,Santa Monica,CA,90405,6395000,3,4.0,Santa Monica,,2675,2005,201,,,Active,,,http://www.redfin.com/CA/Santa-Monica/127-Hollister-Ave-90405/home/8152294,TheMLS,20-542508,N,Y,34.0034799,-118.487683
MLS Listing,,Condo/Co-op,118 Wadsworth Ave #4,Santa Monica,CA,90405,1495000,2,2.0,Santa Monica,1091,5915,1973,202,1370,610,Active,,,http://www.redfin.com/CA/Santa-Monica/118-Wadsworth-Ave-90405/unit-4/home/6778589,TheMLS,19-536682,N,Y,34.0024337,-118.4870325
MLS Listing,,Single Family Residential,808 Woodacres Rd,Santa Monica,CA,90402,18500000,5,3.5,Santa Monica,4726,53709,1921,203,3915,,Active,,,http://www.redfin.com/CA/Santa-Monica/808-Woodacres-Rd-90402/home/6771208,TheMLS,20-541838,N,Y,34.0391995,-118.5069853
MLS Listing,,Single Family Residential,1427 Georgina Ave,Santa Monica,CA,90402,6900000,4,3.25,Santa Monica,5243,8847,2010,208,1316,,Active,,,http://www.redfin.com/CA/Santa-Monica/1427-Georgina-Ave-90402/home/6770839,TheMLS,20-540138,N,Y,34.0397048,-118.5025219
MLS Listing,,Condo/Co-op,801 Ocean Ave #602,Santa Monica,CA,90403,3300000,2,2.5,Santa Monica,1698,22484,1977,209,1943,1000,Active,,,http://www.redfin.com/CA/Santa-Monica/801-Ocean-Ave-90403/unit-602/home/6781038,TheMLS,20-539648,N,Y,34.0222263,-118.5069554
MLS Listing,,Single Family Residential,1124 Broadway,Santa Monica,CA,90401,1975000,2,1.0,Santa Monica,788,2132,1909,220,2506,,Active,,,http://www.redfin.com/CA/Santa-Monica/1124-Broadway-90401/home/6774278,TheMLS,19-538206,N,Y,34.0207681,-118.4862822
MLS Listing,,Multi-Family (5+ Unit),927 Ocean Ave,Santa Monica,CA,90403,9950000,2,16.0,Santa Monica,7876,7509,1922,249,1263,,Active,,,http://www.redfin.com/CA/Santa-Monica/927-Ocean-Ave-90403/home/6781087,TheMLS,19-530876,N,Y,34.0204716,-118.5049586
MLS Listing,,Multi-Family (5+ Unit),1417 17th St,Santa Monica,CA,90404,3695000,10,9.0,Santa Monica,4722,7493,2018,306,783,,Active,,,http://www.redfin.com/CA/Santa-Monica/1417-17th-St-90404/home/6767715,TheMLS,19-515326,N,Y,34.0262449,-118.481994
MLS Listing,,Condo/Co-op,1413 Ocean Park Blvd #1,Santa Monica,CA,90405,4500000,3,2.5,C14 - Santa Monica,1400,6438,1979,319,3214,,Active,,,http://www.redfin.com/CA/Santa-Monica/1413-Ocean-Park-Blvd-90405/unit-1/home/110239223,CRMLS,TR19220218,N,Y,34.0109311,-118.4700874
MLS Listing,,Multi-Family (2-4 Unit),1141 24th St,Santa Monica,CA,90403,2249000,4,3.0,Santa Monica,1750,6103,1964,328,1285,,Active,,,http://www.redfin.com/CA/Santa-Monica/1141-24th-St-90403/home/6767807,TheMLS,19-507836,N,Y,34.0346715,-118.4803081
MLS Listing,,Multi-Family (2-4 Unit),1927 17th St,Santa Monica,CA,90404,1800000,3,3.0,Santa Monica,1214,7761,1942,405,1483,,Active,,,http://www.redfin.com/CA/Santa-Monica/1927-17th-St-90404/home/6767139,TheMLS,19-480444,N,Y,34.0193792,-118.4738929
MLS Listing,,Multi-Family (5+ Unit),1318 Yale St,Santa Monica,CA,90404,2850000,5,6.0,Santa Monica,3438,7517,1947,413,829,,Active,,,http://www.redfin.com/CA/Santa-Monica/1318-Yale-St-90404/home/6763255,TheMLS,19-476788,N,Y,34.0362847,-118.4729152
MLS Listing,,Multi-Family (2-4 Unit),718 Kensington Rd,Santa Monica,CA,90405,2300000,6,4.0,Santa Monica,2781,5975,1956,428,827,,Active,,,http://www.redfin.com/CA/Santa-Monica/718-Kensington-Rd-90405/home/6777148,TheMLS,19-471270,N,Y,34.0085403,-118.4797675
MLS Listing,,Condo/Co-op,1755 Ocean Ave #614,Santa Monica,CA,90401,3850000,2,2.0,Santa Monica,1570,,,440,2452,1576,Active,,,http://www.redfin.com/CA/Santa-Monica/1755-Ocean-Ave-90401/unit-614/home/58675439,TheMLS,19-466946,N,Y,34.0089422,-118.4913586
MLS Listing,,Condo/Co-op,110 Ocean Park Blvd #505,Santa Monica,CA,90405,8750000,3,3.25,Santa Monica,2900,,1987,532,3017,1800,Active,,,http://www.redfin.com/CA/Santa-Monica/110-Ocean-Park-Blvd-90405/unit-505/home/6778956,TheMLS,19-434080,N,Y,34.0008926,-118.4846748
PAST SALE,May-8-2020,Condo/Co-op,1127 10th St #102,Santa Monica,CA,90403,605000,1,1.0,Santa Monica,691,7509,1971,82,876,256,Sold,,,http://www.redfin.com/CA/Santa-Monica/1127-10th-St-90403/unit-102/home/6773215,TheMLS,19-512542,N,Y,34.0246765,-118.4932332
PAST SALE,,Single Family Residential,2410 2nd St,Santa Monica,CA,90405,350000,1,1.0,,614,2503,1910,,570,,,,,http://www.redfin.com/CA/Santa-Monica/2410-2nd-St-90405/home/6778487,,,N,Y,34.0041397,-118.4850082
PAST SALE,July-14-2020,Single Family Residential,644 Navy St,Santa Monica,CA,90405,2060000,3,2.5,Santa Monica,1585,1999,2009,15,1300,,Sold,,,http://www.redfin.com/CA/Santa-Monica/644-Navy-St-90405/home/21925978,TheMLS,20-563690,N,Y,34.001217,-118.473906
PAST SALE,June-25-2020,Condo/Co-op,937 18th St #1,Santa Monica,CA,90403,1250000,3,2.0,Santa Monica,1350,7994,1967,34,926,492,Sold,,,http://www.redfin.com/CA/Santa-Monica/937-18th-St-90403/unit-1/home/6768909,TheMLS,20-577060,N,Y,34.0333227,-118.488631
PAST SALE,April-30-2020,Multi-Family (2-4 Unit),1843 Euclid St,Santa Monica,CA,90404,1900000,7,4.0,Santa Monica,3257,7514,1946,90,583,,Sold,,,http://www.redfin.com/CA/Santa-Monica/1843-Euclid-St-90404/home/6774696,TheMLS,19-495766,N,Y,34.0169174,-118.4787293
PAST SALE,June-26-2020,Townhouse,612 Lincoln #3,Santa Monica,CA,90402,2289000,3,3.0,Santa Monica,1990,7505,2014,33,1150,856,Sold,,,http://www.redfin.com/CA/Santa-Monica/612-Lincoln-Blvd-90402/unit-3/home/79041746,TheMLS,20-565976,N,Y,34.0288149,-118.5028185
PAST SALE,July-9-2020,Condo/Co-op,1829 11th St #2,Santa Monica,CA,90404,1625000,3,4.0,Santa Monica,2070,7504,2009,20,785,250,Sold,,,http://www.redfin.com/CA/Santa-Monica/1829-11th-St-90404/unit-2/home/160722947,TheMLS,20-579622,N,Y,34.015731,-118.4809092
PAST SALE,May-1-2020,Townhouse,1144 Chelsea Ave Unit A,Santa Monica,CA,90403,2300000,3,3.5,Santa Monica,2828,12223,1981,89,813,708,Sold,,,http://www.redfin.com/CA/Santa-Monica/1144-Chelsea-Ave-90403/unit-A/home/6767826,TheMLS,20-559622,N,Y,34.035043,-118.479917
PAST SALE,May-8-2020,Condo/Co-op,2016 Euclid St #6,Santa Monica,CA,90405,835000,2,2.0,Santa Monica,1082,,1977,82,772,465,Sold,,,http://www.redfin.com/CA/Santa-Monica/2016-Euclid-St-90405/unit-6/home/6775080,TheMLS,20-556270,N,Y,34.0144313,-118.4775047
PAST SALE,July-7-2020,Condo/Co-op,1755 Ocean Ave #406,Santa Monica,CA,90401,2150000,2,2.0,Santa Monica,,,,22,,1637,Sold,,,http://www.redfin.com/CA/Santa-Monica/1755-Ocean-Ave-90401/unit-406/home/58694840,TheMLS,20-560990,N,Y,34.0086348,-118.4913635
PAST SALE,June-16-2020,Townhouse,2817 3rd St #2,Santa Monica,CA,90405,1450000,2,1.75,Santa Monica,1329,,,43,1091,315,Sold,,,http://www.redfin.com/CA/Santa-Monica/2817-3rd-St-90405/unit-2/home/171700810,TheMLS,20-578500,N,Y,34.0011409,-118.479748
PAST SALE,May-21-2020,Townhouse,1041 18th St #2,Santa Monica,CA,90403,1650000,3,2.5,Santa Monica,1702,8819,1979,69,969,350,Sold,,,http://www.redfin.com/CA/Santa-Monica/1041-18th-St-90403/unit-2/home/6769561,TheMLS,20-557230,N,Y,34.0318828,-118.4869443
PAST SALE,June-18-2020,Condo/Co-op,2115 3rd St #308,Santa Monica,CA,90405,1465000,2,2.5,Santa Monica,1413,26994,1991,41,1037,776,Sold,,,http://www.redfin.com/CA/Santa-Monica/2115-3rd-St-90405/unit-308/home/6779561,TheMLS,20-570836,N,Y,34.0071203,-118.4857932
PAST SALE,July-27-2020,Single Family Residential,7 Vicente Ter,Santa Monica,CA,90401,4500000,4,4.5,Santa Monica,2549,3602,2005,2,1765,,Sold,,,http://www.redfin.com/CA/Santa-Monica/7-Vicente-Ter-90401/home/6779896,TheMLS,20-599510,N,Y,34.0075848,-118.4918919
PAST SALE,May-26-2020,Single Family Residential,217 17th St,Santa Monica,CA,90402,3700000,5,4.5,Santa Monica,3974,8938,1924,64,931,,Sold,,,http://www.redfin.com/CA/Santa-Monica/217-17th-St-90402/home/6770813,TheMLS,20-569944,N,Y,34.0409537,-118.4994703
PAST SALE,,Single Family Residential,948 23rd St,Santa Monica,CA,90403,2100000,2,1.0,,1141,8009,1925,,1840,,,,,http://www.redfin.com/CA/Santa-Monica/948-23rd-St-90403/home/6769168,,,N,Y,34.0365938,-118.4841353
PAST SALE,June-15-2020,Condo/Co-op,822 3rd St #1,Santa Monica,CA,90403,1080000,2,1.5,Santa Monica,1022,7484,1935,44,1057,650,Sold,,,http://www.redfin.com/CA/Santa-Monica/822-3rd-St-90403/unit-1/home/22751329,TheMLS,20-582604,N,Y,34.023017,-118.505244
PAST SALE,June-3-2020,Condo/Co-op,1033 9th St Unit 1033B,Santa Monica,CA,90403,895000,1,1.0,Santa Monica,920,15007,1938,56,973,353,Sold,,,http://www.redfin.com/CA/Santa-Monica/1033-9th-St-90403/unit-1033B/home/6773353,TheMLS,20-565544,N,Y,34.025135,-118.495607
PAST SALE,July-7-2020,Single Family Residential,1744 Bryn Mawr Ave,Santa Monica,CA,90405,2257500,4,2.75,Santa Monica,2853,6617,1948,22,791,,Sold,,,http://www.redfin.com/CA/Santa-Monica/1744-Bryn-Mawr-Ave-90405/home/6776060,TheMLS,20-577750,N,Y,34.008101,-118.4625585
PAST SALE,May-4-2020,Townhouse,1212 Ocean Park #4,Santa Monica,CA,90405,1475000,3,2.5,Santa Monica,1963,26930,1996,86,751,598,Sold,,,http://www.redfin.com/CA/Santa-Monica/1212-Ocean-Park-Blvd-90405/unit-4/home/6775638,TheMLS,19-537704,N,Y,34.0089418,-118.472268
PAST SALE,,Condo/Co-op,1422 California Ave #1,Santa Monica,CA,90403,1050000,2,2.0,,1303,,1973,,806,,,,,http://www.redfin.com/CA/Santa-Monica/1422-California-Ave-90403/unit-1/home/6772437,,,N,Y,34.0284183,-118.4896904
PAST SALE,July-8-2020,Townhouse,618 Lincoln Blvd #4,Santa Monica,CA,90402,1710000,3,2.25,C14 - Santa Monica,1558,7493,1981,21,1098,375,Sold,,,http://www.redfin.com/CA/Santa-Monica/618-Lincoln-Blvd-90402/unit-4/home/6782067,CRMLS,SB20103276,N,Y,34.0287163,-118.5027036
PAST SALE,July-6-2020,Condo/Co-op,535 Ocean Ave Unit 2A,Santa Monica,CA,90402,2580000,2,2.0,Santa Monica,1781,22462,1968,23,1449,2040,Sold,,,http://www.redfin.com/CA/Santa-Monica/535-Ocean-Ave-90402/unit-2A/home/6781930,TheMLS,20-543846,N,Y,34.0242852,-118.5097061
PAST SALE,May-5-2020,Condo/Co-op,1917 11th St #5,Santa Monica,CA,90404,1110000,2,2.0,Santa Monica,1137,7507,1973,85,976,400,Sold,,,http://www.redfin.com/CA/Santa-Monica/1917-11th-St-90404/unit-5/home/6774583,TheMLS,20-559490,N,Y,34.0148261,-118.4798936
PAST SALE,,Condo/Co-op,3214 Highland Ave,Santa Monica,CA,90405,460000,4,8.0,,,,1951,,,,,,,http://www.redfin.com/CA/Santa-Monica/3214-Highland-Ave-90405/home/143516584,,,N,Y,34.0006225,-118.4742998
PAST SALE,July-17-2020,Condo/Co-op,2045 4th St Unit 301B,Santa Monica,CA,90405,655000,1,1.0,Santa Monica,699,55216,1969,12,937,465,Sold,,,http://www.redfin.com/CA/Santa-Monica/2045-4th-St-90405/unit-301B/home/6779496,TheMLS,20-568686,N,Y,34.0081318,-118.4852558
PAST SALE,June-1-2020,Condo/Co-op,511 San Vicente #301,Santa Monica,CA,90402,1305000,2,2.0,Santa Monica,1284,14641,1969,58,1016,695,Sold,,,http://www.redfin.com/CA/Santa-Monica/511-San-Vicente-Blvd-90402/unit-301/home/6781430,TheMLS,20-569646,N,Y,34.0310066,-118.5097678
PAST SALE,July-17-2020,Condo/Co-op,420 Marine St #4,Santa Monica,CA,90405,1190000,2,1.0,Santa Monica,,7006,1969,12,,290,Sold,,,http://www.redfin.com/CA/Santa-Monica/420-Marine-St-90405/unit-4/home/6778476,TheMLS,20-574588,N,Y,34.00007,-118.4764904
PAST SALE,May-1-2020,Townhouse,2817 3rd St #3,Santa Monica,CA,90405,1440000,2,1.75,Santa Monica,1205,6376,,89,1195,301,Sold,,,http://www.redfin.com/CA/Santa-Monica/2817-3rd-St-90405/unit-3/home/171504906,TheMLS,20-575224,N,Y,34.0011409,-118.479748
PAST SALE,June-9-2020,Condo/Co-op,1333 14th St #10,Santa Monica,CA,90404,585000,1,1.0,Santa Monica,568,7510,1964,50,1030,257,Sold,,,http://www.redfin.com/CA/Santa-Monica/1333-14th-St-90404/unit-10/home/6774093,TheMLS,20-576034,N,Y,34.0249294,-118.4861661
PAST SALE,July-10-2020,Condo/Co-op,1502 Franklin St,Santa Monica,CA,90404,500000,1,1.0,Santa Monica,521,6492,1930,19,960,300,Sold,,,http://www.redfin.com/CA/Santa-Monica/1502-Franklin-St-90404/home/6764004,TheMLS,20-559928,N,Y,34.036217,-118.467208
PAST SALE,July-10-2020,Single Family Residential,347 24th St,Santa Monica,CA,90402,3625000,5,4.0,C14 - Santa Monica,3412,8699,1920,19,1062,,Sold,,,http://www.redfin.com/CA/Santa-Monica/347-24th-St-90402/home/6769804,CRISNet,SR20024655,N,Y,34.0453587,-118.4912318
PAST SALE,July-15-2020,Townhouse,1437 Princeton St #1,Santa Monica,CA,90404,1051000,2,2.5,Santa Monica,1620,6958,1980,14,649,450,Sold,,,http://www.redfin.com/CA/Santa-Monica/1437-Princeton-St-90404/unit-1/home/6763668,TheMLS,20-578462,N,Y,34.0334581,-118.4723096
PAST SALE,July-27-2020,Condo/Co-op,515 San Vicente Unit 517A,Santa Monica,CA,90402,720000,2,1.0,Santa Monica,898,22012,1948,2,802,373,Sold,,,http://www.redfin.com/CA/Santa-Monica/515-San-Vicente-Blvd-90402/unit-517A/home/6781404,TheMLS,20-573842,N,Y,34.0310725,-118.5095995
PAST SALE,June-12-2020,Condo/Co-op,201 Ocean Ave Unit 402P,Santa Monica,CA,90402,500000,0,1.0,Santa Monica,510,38608,1971,47,980,1324,Sold,,,http://www.redfin.com/CA/Santa-Monica/201-Ocean-Ave-90402/unit-402P/home/17243755,TheMLS,20-564712,N,Y,34.0270978,-118.5143597
PAST SALE,May-27-2020,Condo/Co-op,1418 Stanford St #6,Santa Monica,CA,90404,710000,2,2.0,Santa Monica,988,7785,1967,63,719,250,Sold,,,http://www.redfin.com/CA/Santa-Monica/1418-Stanford-St-90404/unit-6/home/6763617,TheMLS,20-559502,N,Y,34.0356765,-118.4702655
PAST SALE,July-15-2020,Condo/Co-op,1133 5th St #403,Santa Monica,CA,90403,1662500,2,1.75,Santa Monica,1527,14996,1985,14,1089,520,Sold,,,http://www.redfin.com/CA/Santa-Monica/1133-5th-St-90403/unit-403/home/6780541,TheMLS,20-575018,N,Y,34.0206951,-118.4977901
PAST SALE,June-15-2020,Condo/Co-op,810 California Ave #6,Santa Monica,CA,90403,1375000,2,3.0,Santa Monica,1550,7499,1974,44,887,425,Sold,,,http://www.redfin.com/CA/Santa-Monica/810-California-Ave-90403/unit-6/home/6773591,TheMLS,20-580338,N,Y,34.0236578,-118.4955546
PAST SALE,May-11-2020,Single Family Residential,254 17th St,Santa Monica,CA,90402,2900000,3,2.0,Santa Monica,1599,7496,1927,79,1814,,Sold,,,http://www.redfin.com/CA/Santa-Monica/254-17th-St-90402/home/6770883,TheMLS,20-571398,N,Y,34.0398004,-118.4990292
PAST SALE,July-29-2020,Townhouse,2013 21st St #101,Santa Monica,CA,90404,979500,2,2.5,Santa Monica,1413,7491,2005,1,693,340,Sold,,,http://www.redfin.com/CA/Santa-Monica/2013-21st-St-90404/unit-101/home/12130186,TheMLS,20-584192,N,Y,34.0211851,-118.4691472
PAST SALE,June-29-2020,Single Family Residential,557 12th St,Santa Monica,CA,90402,4770000,6,5.0,Santa Monica,4698,7499,1989,30,1015,,Sold,,,http://www.redfin.com/CA/Santa-Monica/557-12th-St-90402/home/6771693,TheMLS,20-567178,N,Y,34.03273,-118.498963
PAST SALE,June-29-2020,Condo/Co-op,2311 4th St #109,Santa Monica,CA,90405,969000,2,1.5,Santa Monica,976,41620,1967,30,993,288,Sold,,,http://www.redfin.com/CA/Santa-Monica/2311-4th-St-90405/unit-109/home/6779257,TheMLS,20-545248,N,Y,34.0066933,-118.4835729
PAST SALE,June-10-2020,Single Family Residential,3125 Pearl St,Santa Monica,CA,90405,2025000,4,4.0,Santa Monica,2708,5256,1941,49,748,,Sold,,,http://www.redfin.com/CA/Santa-Monica/3125-Pearl-St-90405/home/6764849,TheMLS,20-553958,N,Y,34.0237656,-118.454702
PAST SALE,July-28-2020,Condo/Co-op,844 7th St #4,Santa Monica,CA,90403,888000,2,1.75,Santa Monica,993,7480,1970,1,894,300,Sold,,,http://www.redfin.com/CA/Santa-Monica/844-7th-St-90403/unit-4/home/6780239,TheMLS,20-592258,N,Y,34.0256952,-118.5010126
PAST SALE,June-29-2020,Single Family Residential,1034 Harvard St,Santa Monica,CA,90403,2645000,3,2.0,Santa Monica,1485,7900,1940,30,1781,,Sold,,,http://www.redfin.com/CA/Santa-Monica/1034-Harvard-St-90403/home/6762820,TheMLS,20-568848,N,Y,34.039402,-118.4781618
PAST SALE,July-27-2020,Single Family Residential,1105 Georgina Ave,Santa Monica,CA,90402,9300000,5,6.75,Santa Monica,6175,14230,1931,2,1506,,Sold,,,http://www.redfin.com/CA/Santa-Monica/1105-Georgina-Ave-90402/home/6771357,TheMLS,20-581700,N,Y,34.0361951,-118.5050307
PAST SALE,June-3-2020,Single Family Residential,2312 27th St,Santa Monica,CA,90405,2579000,3,3.0,Santa Monica,,7671,1939,56,,,Sold,,,http://www.redfin.com/CA/Santa-Monica/2312-27th-St-90405/home/6764635,TheMLS,20-573140,N,Y,34.0220248,-118.460378
PAST SALE,June-19-2020,Condo/Co-op,2920 Neilson Way #305,Santa Monica,CA,90405,1100000,2,1.75,Santa Monica,1105,134111,1980,40,995,1060,Sold,,,http://www.redfin.com/CA/Santa-Monica/2920-Neilson-Way-90405/unit-305/home/6778805,TheMLS,20-551310,N,Y,33.9982654,-118.4816049
PAST SALE,May-15-2020,Single Family Residential,37 Haldeman Rd,Santa Monica,CA,90402,4143750,5,5.0,Santa Monica,3163,26973,1925,75,1310,,Sold,,,http://www.redfin.com/CA/Santa-Monica/37-Haldeman-Rd-90402/home/6840181,TheMLS,20-572560,N,Y,34.0392411,-118.5127921
PAST SALE,June-29-2020,Condo/Co-op,1033 9th St Unit 1033C,Santa Monica,CA,90403,820000,1,1.0,Santa Monica,766,15007,1938,30,1070,327,Sold,,,http://www.redfin.com/CA/Santa-Monica/1033-9th-St-90403/unit-1033C/home/6773354,TheMLS,20-581368,N,Y,34.025135,-118.495607
PAST SALE,July-20-2020,Single Family Residential,1101 Stanford St,Santa Monica,CA,90403,2800000,2,2.0,Santa Monica,1278,13487,1938,9,2191,,Sold,,,http://www.redfin.com/CA/Santa-Monica/1101-Stanford-St-90403/home/6762434,TheMLS,20-573882,N,Y,34.0409587,-118.4754701
PAST SALE,May-6-2020,Multi-Family (2-4 Unit),1142 24th St,Santa Monica,CA,90403,1895000,6,5.0,Santa Monica,,6101,1922,84,,,Sold,,,http://www.redfin.com/CA/Santa-Monica/1142-24th-St-90403/unit-A/home/6767840,TheMLS,18-308172,N,Y,34.0343031,-118.4807615
PAST SALE,,Condo/Co-op,954 14th St #2,Santa Monica,CA,90403,1530000,3,3.0,,2328,,2001,,657,,,,,http://www.redfin.com/CA/Santa-Monica/954-14th-St-90403/unit-2/home/8112938,,,N,Y,34.0295309,-118.4926056
PAST SALE,June-16-2020,Condo/Co-op,229 Bicknell Ave #103,Santa Monica,CA,90405,580000,1,1.0,Santa Monica,570,17998,1963,43,1018,400,Sold,,,http://www.redfin.com/CA/Santa-Monica/229-Bicknell-Ave-90405/unit-103/home/6779704,TheMLS,20-578652,N,Y,34.007282,-118.4874388
PAST SALE,July-20-2020,Condo/Co-op,1012 7th St #7,Santa Monica,CA,90403,875000,2,2.0,Santa Monica,924,15006,1970,9,947,350,Sold,,,http://www.redfin.com/CA/Santa-Monica/1012-7th-St-90403/unit-7/home/6780114,TheMLS,20-589482,N,Y,34.0235594,-118.4985144
PAST SALE,July-4-2020,Single Family Residential,1131 Hill St,Santa Monica,CA,90405,3095000,4,3.5,Santa Monica,3000,6970,1944,25,1032,,Sold,,,http://www.redfin.com/CA/Santa-Monica/1131-Hill-St-90405/home/6775820,TheMLS,20-575240,N,Y,34.0076088,-118.471508
PAST SALE,July-17-2020,Single Family Residential,203 20th St,Santa Monica,CA,90402,5100000,5,3.0,Santa Monica,3446,11800,1929,12,1480,,Sold,,,http://www.redfin.com/CA/Santa-Monica/203-20th-St-90402/home/6770367,TheMLS,20-589942,N,Y,34.0439864,-118.4980946
PAST SALE,June-15-2020,Single Family Residential,229 19th St,Santa Monica,CA,90402,5558888,6,6.5,Santa Monica,,8931,2014,44,,,Sold,,,http://www.redfin.com/CA/Santa-Monica/229-19th-St-90402/home/6770579,TheMLS,20-564358,N,Y,34.0428028,-118.4983006
PAST SALE,May-27-2020,Single Family Residential,944 23rd St,Santa Monica,CA,90403,3350000,3,2.0,Santa Monica,2927,7996,1926,63,1145,,Sold,,,http://www.redfin.com/CA/Santa-Monica/944-23rd-St-90403/home/6769167,TheMLS,20-571308,N,Y,34.0366711,-118.4842977
PAST SALE,July-23-2020,Single Family Residential,1124 Cedar St,Santa Monica,CA,90405,1750000,3,2.0,Santa Monica,1322,6842,1939,6,1324,,Sold,,,http://www.redfin.com/CA/Santa-Monica/1124-Cedar-St-90405/home/6775211,TheMLS,20-607304,N,Y,34.0108469,-118.4750115
PAST SALE,,Condo/Co-op,1124 15th St Unit F,Santa Monica,CA,90403,3300000,13,13.0,,,,1962,,,,,,,http://www.redfin.com/CA/Santa-Monica/1124-15th-St-90403/unit-F/home/6772418,,,N,Y,34.0281968,-118.4891
PAST SALE,June-5-2020,Single Family Residential,723 Pier Ave Unit A,Santa Monica,CA,90405,2300000,3,2.5,Santa Monica,2610,5502,2019,54,881,350,Sold,,,http://www.redfin.com/CA/Santa-Monica/723-Pier-Ave-90405/home/6778216,TheMLS,20-569446,N,Y,34.0036049,-118.4738805
PAST SALE,May-5-2020,Single Family Residential,510 Lincoln Blvd,Santa Monica,CA,90402,6350000,5,5.5,Santa Monica,5400,11264,1988,85,1176,,Sold,,,http://www.redfin.com/CA/Santa-Monica/510-Lincoln-Blvd-90402/home/6782035,TheMLS,20-540306,N,Y,34.0301856,-118.5044185
PAST SALE,May-19-2020,Condo/Co-op,2022 Delaware Ave #1,Santa Monica,CA,90404,895000,3,2.25,Santa Monica,1512,10772,1981,71,592,400,Sold,,,http://www.redfin.com/CA/Santa-Monica/2022-Delaware-Ave-90404/unit-1/home/6767266,TheMLS,20-564014,N,Y,34.0221479,-118.4712168
PAST SALE,June-9-2020,Condo/Co-op,2021 California Ave #20,Santa Monica,CA,90403,940000,2,1.5,Santa Monica,1024,27504,1958,50,918,440,Sold,,,http://www.redfin.com/CA/Santa-Monica/2021-California-Ave-90403/unit-20/home/6769468,TheMLS,20-574112,N,Y,34.0335464,-118.4843762
PAST SALE,July-24-2020,Townhouse,838 10th St #2,Santa Monica,CA,90403,1325000,2,2.5,Santa Monica,1115,7481,2002,5,1188,422,Sold,,,http://www.redfin.com/CA/Santa-Monica/838-10th-St-90403/unit-2/home/8120656,TheMLS,20-587188,N,Y,34.0280938,-118.4982903
PAST SALE,July-25-2020,Condo/Co-op,1320 Princeton St #203,Santa Monica,CA,90404,1080000,3,2.0,Santa Monica,1448,26004,1972,4,746,447,Sold,,,http://www.redfin.com/CA/Santa-Monica/1320-Princeton-St-90404/unit-203/home/6763206,TheMLS,20-591368,N,Y,34.0347128,-118.4746246
PAST SALE,July-16-2020,Single Family Residential,330 21st Pl,Santa Monica,CA,90402,8575000,6,7.0,Santa Monica,7913,9042,2020,13,1084,,Sold,,,http://www.redfin.com/CA/Santa-Monica/330-21st-Pl-90402/home/6770265,TheMLS,20-590370,N,Y,34.0430836,-118.4945912
PAST SALE,June-26-2020,Condo/Co-op,3219 Colorado Ave #3,Santa Monica,CA,90404,816000,2,1.75,Santa Monica,954,13344,1974,33,855,380,Sold,,,http://www.redfin.com/CA/Santa-Monica/3219-Colorado-Ave-90404/unit-3/home/6764030,TheMLS,20-568424,N,Y,34.0358537,-118.4652725
PAST SALE,June-10-2020,Condo/Co-op,12919 Montana Ave #302,Los Angeles,CA,90049,1225000,2,2.0,Santa Monica,1726,8967,1979,49,710,637,Sold,,,http://www.redfin.com/CA/Los-Angeles/12919-Montana-Ave-90049/unit-302/home/6760183,TheMLS,20-576328,N,Y,34.0425485,-118.482751
PAST SALE,July-28-2020,Townhouse,2318 2nd St #2,Santa Monica,CA,90405,1680000,2,2.5,Ocean Park,1517,6188,1990,1,1107,450,Sold,,,http://www.redfin.com/CA/Santa-Monica/2318-2nd-St-90405/unit-2/home/6779650,TheMLS,20-590198,N,Y,34.0048351,-118.4856495
PAST SALE,June-19-2020,Single Family Residential,2388 Dewey St,Santa Monica,CA,90405,1338000,3,2.0,Venice,1319,5054,1954,40,1014,,Sold,,,http://www.redfin.com/CA/Santa-Monica/2388-Dewey-St-90405/home/6745164,TheMLS,20-581412,N,Y,34.0095679,-118.4564044
PAST SALE,July-24-2020,Townhouse,1144 17th St #8,Santa Monica,CA,90403,942914,2,2.0,Santa Monica,927,15007,1975,5,1017,524,Sold,,,http://www.redfin.com/CA/Santa-Monica/1144-17th-St-90403/unit-8/home/6772117,TheMLS,20-587822,N,Y,34.0292645,-118.4867595
PAST SALE,June-25-2020,Condo/Co-op,1835 7th St Unit D,Santa Monica,CA,90401,705000,2,1.0,Santa Monica,785,7499,1958,34,898,290,Sold,,,http://www.redfin.com/CA/Santa-Monica/1835-7th-St-90401/unit-D/home/6779853,TheMLS,20-580152,N,Y,34.0123862,-118.484567
PAST SALE,July-21-2020,Single Family Residential,267 Entrada Dr,Santa Monica,CA,90402,1415000,1,1.0,C14 - Santa Monica,604,4251,1960,8,2343,,Sold,,,http://www.redfin.com/CA/Santa-Monica/267-Entrada-Dr-90402/home/6840419,CRMLS,SW19178641,N,Y,34.0297244,-118.5156791
PAST SALE,June-8-2020,Condo/Co-op,2320 3rd St,Santa Monica,CA,90405,2600000,3,3.0,Santa Monica,2001,6644,2016,51,1299,450,Sold,,,http://www.redfin.com/CA/Santa-Monica/2320-3rd-St-90405/home/144333442,TheMLS,20-580250,N,Y,34.0053707,-118.484889
PAST SALE,July-10-2020,Condo/Co-op,12919 Montana Ave #201,Los Angeles,CA,90049,1310000,2,2.0,Brentwood,1561,8967,1979,19,839,558,Sold,,,http://www.redfin.com/CA/Los-Angeles/12919-Montana-Ave-90049/unit-201/home/6760179,TheMLS,20-577158,N,Y,34.0425485,-118.482751
PAST SALE,June-29-2020,Condo/Co-op,1144 Stanford St #9,Santa Monica,CA,90403,615000,1,1.0,Santa Monica,682,10220,1964,30,902,400,Sold,,,http://www.redfin.com/CA/Santa-Monica/1144-Stanford-St-90403/unit-9/home/8180994,TheMLS,20-593030,N,Y,34.0393676,-118.4746083
PAST SALE,,Multi-Family (2-4 Unit),2034 5th St,Santa Monica,CA,90405,663000,4,4.0,,2476,5663,1950,,268,,,,,http://www.redfin.com/CA/Santa-Monica/2034-5th-St-90405/home/6779430,,,N,Y,34.0086088,-118.4851874
PAST SALE,May-13-2020,Condo/Co-op,2034 5th St Unit A,Santa Monica,CA,90405,663000,1,1.0,Santa Monica,620,5663,1950,77,1069,200,Sold,,,http://www.redfin.com/CA/Santa-Monica/2034-5th-St-90405/unit-A/home/171205631,TheMLS,20-562822,N,Y,34.0086088,-118.4851874
PAST SALE,June-24-2020,Townhouse,917 Euclid St #1,Santa Monica,CA,90403,1610000,3,2.5,Santa Monica,1512,7501,1978,35,1065,450,Sold,,,http://www.redfin.com/CA/Santa-Monica/917-Euclid-St-90403/unit-1/home/6772521,TheMLS,20-576012,N,Y,34.0298898,-118.493804
PAST SALE,June-24-2020,Condo/Co-op,1001 19th St Unit A,Santa Monica,CA,90403,760000,1,1.0,Santa Monica,800,9915,1958,35,950,356,Sold,,,http://www.redfin.com/CA/Santa-Monica/1001-19th-St-90403/unit-A/home/6769542,TheMLS,20-584838,N,Y,34.0333735,-118.4870013
PAST SALE,July-23-2020,Condo/Co-op,1133 9th St #102,Santa Monica,CA,90403,1310500,2,2.0,Santa Monica,1410,30008,1982,6,929,595,Sold,,,http://www.redfin.com/CA/Santa-Monica/1133-9th-St-90403/unit-102/home/6773291,TheMLS,20-585818,N,Y,34.0236635,-118.4938914
PAST SALE,June-30-2020,Condo/Co-op,1715 California Ave Unit A,Santa Monica,CA,90403,705000,2,1.0,Santa Monica,746,6194,1956,29,945,350,Sold,,,http://www.redfin.com/CA/Santa-Monica/1715-California-Ave-90403/unit-A/home/6769662,TheMLS,20-578322,N,Y,34.0309335,-118.4873805
PAST SALE,June-24-2020,Condo/Co-op,222 7th St #106,Santa Monica,CA,90402,805000,1,1.0,C14 - Santa Monica,878,25054,1974,35,917,425,Sold,,,http://www.redfin.com/CA/Santa-Monica/222-7th-St-90402/unit-106/home/6781365,CRMLS,SB20081515,N,Y,34.0322248,-118.5084783
